"Name","DOI","pdf_link"
"PANKHURST CE 1995 AUST. J. EXP. AGRIC.","10.1071/EA9951015","http://www.publish.csiro.au/EA/pdf/EA9951015"
"YEATES GW 1996 BIOL. FERTIL. SOILS","10.1007/BF00335985","http://link.springer.com/content/pdf/10.1007/BF00335985"
"CONACHER A 1998 AUST. GEOGR.","10.1080/00049189808703213","http://www.tandfonline.com/doi/pdf/10.1080/00049189808703213"
"SHARMA DK 1999 WATER SCI. TECHNOL.","10.1016/S0273-1223(99)00472-2","https://syndication.highwire.org/content/doi/10.1016/S0273-1223(99)00472-2"
"STENBERG B 1999 ACTA AGRIC. SCAND. SECT. B-SOIL PLANT SCI.","10.1080/09064719950135669","http://www.tandfonline.com/doi/pdf/10.1080/09064719950135669"
"DOUGLAS BW 2000 COMMUN. SOIL SCI. PLANT ANAL.","10.1080/00103620009370541","http://www.tandfonline.com/doi/pdf/10.1080/00103620009370541"
"ACOSTA-MARTINEZ V 2000 BIOL. FERTIL. SOILS","10.1007/S003740050628","http://www.springerlink.com/index/pdf/10.1007/s003740050628"
"WRIGHT SF 2000 BIOL. FERTIL. SOILS","10.1007/S003740050653","http://www.springerlink.com/index/pdf/10.1007/s003740050653"
"BONGERS T 2001 ENVIRON. TOXICOL. CHEM.","10.1897/1551-5028(2001)020<1511:ASONTT>2.0.CO;2","http://api.wiley.com/onlinelibrary/tdm/v1/articles/10.1897%2F1551-5028(2001)020%3C1511:ASONTT%3E2.0.CO;2"
"VALARINI PJ 2002 BRAZ. J. MICROBIOL.","10.1590/S1517-83822002000100007","http://www.scielo.br/pdf/bjm/v33n1/11088.pdf"
"PONDER F 2002 COMMUN. SOIL SCI. PLANT ANAL.","10.1081/CSS-120004833","http://www.tandfonline.com/doi/pdf/10.1081/CSS-120004833"
"SATYANARAYANA V 2002 J. PLANT NUTR.","10.1081/PLN-120014062","http://www.tandfonline.com/doi/pdf/10.1081/PLN-120014062"
"SHRESTHA RK 2002 BIOL. FERTIL. SOILS","10.1007/S00374-002-0523-Z","http://www.springerlink.com/index/pdf/10.1007/s00374-002-0523-z"
"SCHWENKE GD 2003 AUST. J. EXP. AGRIC.","10.1071/EA01012","http://www.publish.csiro.au/EA/pdf/EA01012"
"FARQUHARSON RJ 2003 AUST. J. EXP. AGRIC.","10.1071/EA00163","http://www.publish.csiro.au/EA/pdf/EA00163"
"DEBRUYN LAL 2003 AUST. J. EXP. AGRIC.","10.1071/EA00176","http://www.publish.csiro.au/EA/pdf/EA00176"
"LODGE GM 2003 AUST. J. EXP. AGRIC.","10.1071/EA02188","http://www.publish.csiro.au/EA/pdf/EA02188"
"LODGE GM 2003 AUST. J. EXP. AGRIC.","10.1071/EA02189","http://www.publish.csiro.au/EA/pdf/EA02189"
"BARRERA-BASSOLS N 2003 GEOGR. ANN. SER. A-PHYS. GEOGR.","10.1111/J.0435-3676.2003.00202.X","https://api.wiley.com/onlinelibrary/tdm/v1/articles/10.1111%2Fj.0435-3676.2003.00202.x"
"GRAY CW 2003 EUR. J. SOIL SCI.","10.1046/J.1365-2389.2003.00495.X","https://api.wiley.com/onlinelibrary/tdm/v1/articles/10.1046%2Fj.1365-2389.2003.00495.x"
"MABUHAY JA 2003 ECOL. RES.","10.1046/J.1440-1703.2003.00567.X","http://www.springerlink.com/index/pdf/10.1046/j.1440-1703.2003.00567.x"
"YADAV RL 2003 J. AGRIC. SCI.","10.1017/S0021859603003563","https://www.cambridge.org/core/services/aop-cambridge-core/content/view/S0021859603003563"
"GARBEVA P 2004 ANNU. REV. PHYTOPATHOL.","10.1146/ANNUREV.PHYTO.42.012604.135455","http://www.annualreviews.org/doi/pdf/10.1146/annurev.phyto.42.012604.135455"
"RAMESH K 2004 J. AGRON. CROP SCI.","10.1046/J.0931-2250.2003.00069.X","https://api.wiley.com/onlinelibrary/tdm/v1/articles/10.1046%2Fj.0931-2250.2003.00069.x"
"WINDING A 2004 FEMS MICROBIOL. ECOL.","10.1016/S0168-6496(03)00261-7","https://academic.oup.com/femsec/article/47/2/129/502602/Nontarget-effects-of-bacterial-biological-control"
"THEVATHASAN NV 2004 AGROFOR. SYST.","10.1023/B:AGFO.0000029003.00933.6D","http://www.springerlink.com/index/pdf/10.1023/B:AGFO.0000029003.00933.6d"
"VANGESSEL MJ 2004 WEED SCI.","10.1614/WS-04-013R1","https://www.cambridge.org/core/services/aop-cambridge-core/content/view/S0043174500022578"
"MANICI LM 2005 ANN. APPL. BIOL.","10.1111/J.1744-7348.2005.040051.X","https://api.wiley.com/onlinelibrary/tdm/v1/articles/10.1111%2Fj.1744-7348.2005.040051.x"
"ARNOLD SL 2005 COMMUN. SOIL SCI. PLANT ANAL.","10.1080/00103620500196689","http://www.tandfonline.com/doi/pdf/10.1080/00103620500196689"
"NUNEZ-REGUEIRA L 2005 J. THERM. ANAL. CALORIM.","10.1007/S10973-005-0610-0","http://www.springerlink.com/index/pdf/10.1007/s10973-005-0610-0"
"LIPHADZI KB 2005 WEED SCI.","10.1614/WS-04-129R1","https://www.cambridge.org/core/services/aop-cambridge-core/content/view/S0043174500006937"
"ANSLEY RJ 2005 WEED TECHNOL.","10.1614/WT-04-098R1.1","https://www.cambridge.org/core/services/aop-cambridge-core/content/view/S0890037X00017012"
"KALEVITCH MARIA 2006 J. SUSTAIN. AGRIC.","10.1300/J064V29N03\_09","http://www.tandfonline.com/doi/pdf/10.1300/J064v29n03_09"
"NUNEZ-REGUEIRA LISARDO 2006 J. THERM. ANAL. CALORIM.","10.1007/S10973-005-7199-1","http://www.springerlink.com/index/pdf/10.1007/s10973-005-7199-1"
"BECAERT VALERIE 2006 REV. ENVIRON. CONTAM. TOXICOL.","10.1007/978-0-387-32964-2\_4","http://link.springer.com/content/pdf/10.1007/978-0-387-32964-2_4"
"GARBEVA P 2006 ENVIRON. MICROBIOL.","10.1111/J.1462-2920.2005.00888.X","https://api.wiley.com/onlinelibrary/tdm/v1/articles/10.1111%2Fj.1462-2920.2005.00888.x"
"HERNANDEZ-ALLICA J 2006 PLANT SOIL","10.1007/S11104-005-4081-7","http://www.springerlink.com/index/pdf/10.1007/s11104-005-4081-7"
"VANBRUGGEN ARIENAHC 2006 EUR. J. PLANT PATHOL.","10.1007/S10658-005-1250-8","http://link.springer.com/content/pdf/10.1007/s10658-005-1250-8"
"HUI J 2006 J. BIOL. SYST.","10.1142/S0218339006001751","http://www.worldscientific.com/doi/pdf/10.1142/S0218339006001751"
"SPARROW LA 2006 SOIL USE MANAGE.","10.1111/J.1475-2743.2006.00021.X","https://api.wiley.com/onlinelibrary/tdm/v1/articles/10.1111%2Fj.1475-2743.2006.00021.x"
"MONKIEDJE ADOLPHE 2006 J. ENVIRON. QUAL.","10.2134/JEQ2005.0447","https://dl.sciencesocieties.org/publications/jeq/pdfs/35/6/2402"
"ZHANG PINGJIU 2006 ENVIRON. GEOL.","10.1007/S00254-006-0356-4","http://www.springerlink.com/index/pdf/10.1007/s00254-006-0356-4"
"YU YUNLONG 2006 J. AGRIC. FOOD CHEM.","10.1021/JF0624190","http://pubs.acs.org/doi/pdf/10.1021/jf0624190"
"RIDLEY AM 2007 AUST. J. EXP. AGRIC.","10.1071/EA06028","http://www.publish.csiro.au/EA/pdf/EA06028"
"EDWARDS SUE 2007 NA","10.1007/978-3-540-72438-4\_29","http://www.springerlink.com/index/pdf/10.1007/978-3-540-72438-4_29"
"FAGERIA NK 2007 J. PLANT NUTR.","10.1080/01904160701289529","http://www.tandfonline.com/doi/pdf/10.1080/01904160701289529"
"RODRIGUEZ-ANON J 2007 J. THERM. ANAL. CALORIM.","10.1007/S10973-006-7844-3","http://www.springerlink.com/index/pdf/10.1007/s10973-006-7844-3"
"TURCZYNOWICZ LEONID 2007 J. TOXICOL. ENV. HEALTH PART A","10.1080/15287390701434711","http://www.tandfonline.com/doi/pdf/10.1080/15287390701434711"
"HARITASH ANILKUMAR 2007 ENVIRON. GEOL.","10.1007/S00254-006-0440-9","http://www.springerlink.com/index/pdf/10.1007/s00254-006-0440-9"
"MANDAL B 2007 GLOB. CHANGE BIOL.","10.1111/J.1365-2486.2006.01309.X","https://api.wiley.com/onlinelibrary/tdm/v1/articles/10.1111%2Fj.1365-2486.2006.01309.x"
"YADAV RK 2007 LAND DEGRAD. DEV.","10.1002/LDR.776","https://api.wiley.com/onlinelibrary/tdm/v1/articles/10.1002%2Fldr.776"
"GAIND SUNITA 2007 BIODEGRADATION","10.1007/S10532-006-9082-6","http://www.springerlink.com/index/pdf/10.1007/s10532-006-9082-6"
"BEHERA UK 2007 PLANT SOIL","10.1007/S11104-007-9332-3","http://www.springerlink.com/index/pdf/10.1007/s11104-007-9332-3"
"ROSARIO KARYNA 2007 J. ENVIRON. QUAL.","10.2134/JEQ2006.0315","https://dl.sciencesocieties.org/publications/jeq/pdfs/36/5/1249"
"KATSVAIRO TAWAINGAW 2007 J. SCI. FOOD AGRIC.","10.1002/JSFA.3002","https://api.wiley.com/onlinelibrary/tdm/v1/articles/10.1002%2Fjsfa.3002"
"GHOSH SUBHADIP 2008 AUST. J. AGRIC. RES.","10.1071/AR08141","http://www.publish.csiro.au/AR/pdf/AR08141"
"RAINFORD CHERYL 2008 J. SOIL WATER CONSERV.","10.2489/JSWC.63.1.19A","https://syndication.highwire.org/content/doi/10.2489/jswc.63.1.19A"
"ASTHANA ALOK 2008 J. SUSTAIN. AGRIC.","10.1080/10440040802171044","http://www.tandfonline.com/doi/pdf/10.1080/10440040802171044"
"HOLTERMAN MARTIJN 2008 MOL. ECOL. RESOUR.","10.1111/J.1471-8286.2007.01963.X","https://api.wiley.com/onlinelibrary/tdm/v1/articles/10.1111%2Fj.1471-8286.2007.01963.x"
"ABRAHAM JOSHUA 2008 PLANT SOIL","10.1007/S11104-007-9505-0","http://www.springerlink.com/index/pdf/10.1007/s11104-007-9505-0"
"KIBBLEWHITE MG 2008 PHILOS. TRANS. R. SOC. B-BIOL. SCI.","10.1098/RSTB.2007.2178","https://syndication.highwire.org/content/doi/10.1098/rstb.2007.2178"
"KESAVAN PC 2008 PHILOS. TRANS. R. SOC. B-BIOL. SCI.","10.1098/RSTB.2007.2189","https://syndication.highwire.org/content/doi/10.1098/rstb.2007.2189"
"VADREVU KRISHNAPRASAD 2008 ECOSYSTEMS","10.1007/S10021-007-9122-Z","http://www.springerlink.com/index/pdf/10.1007/s10021-007-9122-z"
"CHOWDHURY ASHIM 2008 INDIAN J. MICROBIOL.","10.1007/S12088-008-0011-8","http://www.springerlink.com/index/pdf/10.1007/s12088-008-0011-8"
"ZVOMUYA FRANCIS 2008 NUTR. CYCL. AGROECOSYST.","10.1007/S10705-007-9137-Z","http://www.springerlink.com/index/pdf/10.1007/s10705-007-9137-z"
"GOWING JW 2008 SOIL USE MANAGE.","10.1111/J.1475-2743.2007.00137.X","https://api.wiley.com/onlinelibrary/tdm/v1/articles/10.1111%2Fj.1475-2743.2007.00137.x"
"GHORBANI R 2008 AGRON. SUSTAIN. DEV.","10.1051/AGRO:2008003","http://www.springerlink.com/index/pdf/10.1051/agro:2008003"
"KAPANEN ANU 2008 J. POLYM. ENVIRON.","10.1007/S10924-008-0091-X","http://www.springerlink.com/index/pdf/10.1007/s10924-008-0091-x"
"ROTARU A 2008 J. THERM. ANAL. CALORIM.","10.1007/S10973-007-8816-Y","http://www.springerlink.com/index/pdf/10.1007/s10973-007-8816-y"
"SHEN WEISHOU 2008 PLANT SOIL","10.1007/S11104-007-9472-5","http://www.springerlink.com/index/pdf/10.1007/s11104-007-9472-5"
"RYAN MEGANH 2008 J. SCI. FOOD AGRIC.","10.1002/JSFA.3200","https://api.wiley.com/onlinelibrary/tdm/v1/articles/10.1002%2Fjsfa.3200"
"MAJUMDER BIDISHA 2008 SOIL SCI. SOC. AM. J.","10.2136/SSSAJ2006.0378","https://dl.sciencesocieties.org/publications/sssaj/pdfs/72/3/775"
"SEMENOV ALEXANDERV 2008 ENVIRON. MICROBIOL.","10.1111/J.1462-2920.2007.01558.X","https://api.wiley.com/onlinelibrary/tdm/v1/articles/10.1111%2Fj.1462-2920.2007.01558.x"
"IDOWU OMOLOLUJ 2008 PLANT SOIL","10.1007/S11104-007-9521-0","http://link.springer.com/content/pdf/10.1007/s11104-007-9521-0"
"LINKER RAPHAEL 2008 PLANT SOIL","10.1007/S11104-008-9608-2","http://www.springerlink.com/index/pdf/10.1007/s11104-008-9608-2"
"MITTAL SHILPI 2008 BIOL. FERTIL. SOILS","10.1007/S00374-007-0264-0","http://www.springerlink.com/index/pdf/10.1007/s00374-007-0264-0"
"MANDAL BISWAPATI 2008 GLOB. CHANGE BIOL.","10.1111/J.1365-2486.2008.01627.X","https://api.wiley.com/onlinelibrary/tdm/v1/articles/10.1111%2Fj.1365-2486.2008.01627.x"
"VERMA VK 2008 PHOTONIRVACHAK-J. INDIAN SOC. REMOTE SENS.","10.1007/S12524-008-0028-9","http://www.springerlink.com/index/pdf/10.1007/s12524-008-0028-9"
"FANG H 2008 BULL. ENVIRON. CONTAM. TOXICOL.","10.1007/S00128-008-9514-6","http://www.springerlink.com/index/pdf/10.1007/s00128-008-9514-6"
"SELVI VETRIVELA 2008 ENVIRON. MONIT. ASSESS.","10.1007/S10661-007-0034-3","http://www.springerlink.com/index/pdf/10.1007/s10661-007-0034-3"
"HU CHENG 2008 EXP. AGRIC.","10.1017/S0014479708006716","https://www.cambridge.org/core/services/aop-cambridge-core/content/view/S0014479708006716"
"DAS ANUP 2008 NUTR. CYCL. AGROECOSYST.","10.1007/S10705-008-9184-0","http://www.springerlink.com/index/pdf/10.1007/s10705-008-9184-0"
"EPELDE LUR 2009 SOIL BIOL.","10.1007/978-3-540-89621-0\_16","http://www.springerlink.com/index/pdf/10.1007/978-3-540-89621-0_16"
"MANICI LM 2009 ANN. APPL. BIOL.","10.1111/J.1744-7348.2009.00335.X","https://api.wiley.com/onlinelibrary/tdm/v1/articles/10.1111%2Fj.1744-7348.2009.00335.x"
"KELLY B 2009 AUST. J. SOIL RES.","10.1071/SR08033","http://www.publish.csiro.au/SR/pdf/SR08033"
"MOREIRA A 2009 COMMUN. SOIL SCI. PLANT ANAL.","10.1080/00103620903175371","http://www.tandfonline.com/doi/pdf/10.1080/00103620903175371"
"BEHERA UK 2009 CROP PASTURE SCI.","10.1071/CP08220","http://www.publish.csiro.au/CP/pdf/CP08220"
"GARSIDE AL 2009 CROP PASTURE SCI.","10.1071/CP08311","http://www.publish.csiro.au/CP/pdf/CP08311"
"PALTRIDGE NICHOLAS 2009 CROP PASTURE SCI.","10.1071/CP08372","http://www.publish.csiro.au/CP/pdf/CP08372"
"MASTO REGINALDEBHIN 2009 ENVIRON. GEOL.","10.1007/S00254-008-1223-2","http://link.springer.com/content/pdf/10.1007/s00254-008-1223-2.pdf"
"DICKINSON NICHOLASM 2009 INT. J. PHYTOREMEDIAT.","10.1080/15226510802378368","http://www.tandfonline.com/doi/pdf/10.1080/15226510802378368"
"OGOKE IJ 2009 J. SUSTAIN. AGRIC.","10.1080/10440040903303405","http://www.tandfonline.com/doi/pdf/10.1080/10440040903303405"
"SABA NIHARENDU 2009 NA","10.1007/978-3-642-01979-1\_8","http://www.springerlink.com/index/pdf/10.1007/978-3-642-01979-1_8"
"ANDERSON RANDYL 2009 SUSTAIN. AGRIC. REV.","10.1007/978-1-4020-9654-9\_7","http://www.springerlink.com/index/pdf/10.1007/978-1-4020-9654-9_7"
"PORTER IAN 2009 PLANT PATHOL. 21ST CENT.","10.1007/978-1-4020-8804-9\_21","http://www.springerlink.com/index/pdf/10.1007/978-1-4020-8804-9_21"
"ELMER WADEH 2009 PLANT DIS.","10.1094/PDIS-93-2-0175","http://apsjournals.apsnet.org/doi/pdf/10.1094/PDIS-93-2-0175"
"ROCHFORT SIMONEJ 2009 METABOLOMICS","10.1007/S11306-008-0140-4","http://www.springerlink.com/index/pdf/10.1007/s11306-008-0140-4"
"GIL SVARGAS 2009 WORLD J. MICROBIOL. BIOTECHNOL.","10.1007/S11274-008-9908-Y","http://www.springerlink.com/index/pdf/10.1007/s11274-008-9908-y"
"SHUKUROV NOSIR 2009 J. SOILS SEDIMENTS","10.1007/S11368-009-0079-8","http://www.springerlink.com/index/pdf/10.1007/s11368-009-0079-8"
"BAUM AARONW 2009 CRIT. REV. PLANT SCI.","10.1080/07352680902963915","http://www.tandfonline.com/doi/pdf/10.1080/07352680902963915"
"WILLIAMS PAMELARD 2009 ENVIRON. SCI. TECHNOL.","10.1021/ES900250D","http://pubs.acs.org/doi/pdf/10.1021/es900250d"
"VARGASGIL SILVINA 2009 ENVIRON. MANAGE.","10.1007/S00267-009-9319-3","http://www.springerlink.com/index/pdf/10.1007/s00267-009-9319-3"
"HUMMEL JEREMYD 2009 AGRON. J.","10.2134/AGRONJ2009.0032","https://dl.sciencesocieties.org/publications/aj/pdfs/101/5/1190"
"EPELDE LUR 2009 J. ENVIRON. QUAL.","10.2134/JEQ2009.0006","https://dl.sciencesocieties.org/publications/jeq/pdfs/38/5/2041"
"IDOWU OJ 2009 RENEW. AGR. FOOD SYST.","10.1017/S1742170509990068","https://www.cambridge.org/core/services/aop-cambridge-core/content/view/S1742170509990068"
"HAZARIKA SAMARENDRA 2009 AGRON. SUSTAIN. DEV.","10.1051/AGRO/2009024","http://www.springerlink.com/index/pdf/10.1051/agro/2009024"
"KASSAM AMIR 2009 INT. J. AGRIC. SUSTAIN.","10.3763/IJAS.2009.0477","http://www.tandfonline.com/doi/pdf/10.3763/ijas.2009.0477"
"KO HYUN-SUN 2009 CURR. MICROBIOL.","10.1007/S00284-009-9481-0","http://www.springerlink.com/index/pdf/10.1007/s00284-009-9481-0"
"DOI RYOICHI 2009 J. BIOSCI.","10.1007/S12038-009-0111-6","http://www.springerlink.com/index/pdf/10.1007/s12038-009-0111-6"
"O'FARRELL PATRICKJ 2010 ARID LAND RES. MANAG.","10.1080/15324980903439263","http://www.tandfonline.com/doi/pdf/10.1080/15324980903439263"
"SHARMA SUSHILK 2010 SUSTAIN. AGRIC. REV.","10.1007/978-90-481-9513-8\_11","http://link.springer.com/content/pdf/10.1007/978-90-481-9513-8_11"
"JOHNSON DENNISA 2010 CAN. J. PLANT PATHOL.-REV. CAN. PHYTOPATHOL.","10.1080/07060661003621134","http://www.tandfonline.com/doi/pdf/10.1080/07060661003621134"
"KLEEMANN SGL 2010 CROP PASTURE SCI.","10.1071/CP10124","http://www.publish.csiro.au/CP/pdf/CP10124"
"SINGH NIRBHAYKUMAR 2010 SUSTAIN. AGRIC. REV.","10.1007/978-90-481-8741-6\_9","http://link.springer.com/content/pdf/10.1007/978-90-481-8741-6_9"
"DAS ANUP 2010 J. SUSTAIN. AGRIC.","10.1080/10440046.2010.484670","http://www.tandfonline.com/doi/pdf/10.1080/10440046.2010.484670"
"NGUYEN MINH-LONG 2010 NA","10.1007/978-90-481-8657-0\_4","http://link.springer.com/content/pdf/10.1007/978-90-481-8657-0_4"
"SAIKIA SIDDHARTHAPROTEEM 2010 NA","10.1007/978-3-211-99753-6\_16","http://link.springer.com/content/pdf/10.1007/978-3-211-99753-6_16"
"KHAN SARDAR 2010 ENVIRON. SCI. POLLUT. RES.","10.1007/S11356-009-0134-4","http://www.springerlink.com/index/pdf/10.1007/s11356-009-0134-4"
"VANZWIETEN L 2010 PLANT SOIL","10.1007/S11104-009-0050-X","http://www.springerlink.com/index/pdf/10.1007/s11104-009-0050-x"
"GAO YANG 2010 ENVIRON. EARTH SCI.","10.1007/S12665-009-0200-8","http://www.springerlink.com/index/pdf/10.1007/s12665-009-0200-8"
"DAS ANUP 2010 NUTR. CYCL. AGROECOSYST.","10.1007/S10705-009-9308-1","http://www.springerlink.com/index/pdf/10.1007/s10705-009-9308-1"
"SHARMA AR 2010 NUTR. CYCL. AGROECOSYST.","10.1007/S10705-009-9327-Y","http://www.springerlink.com/index/pdf/10.1007/s10705-009-9327-y"
"HE MIAOMIAO 2010 PHYTOPATHOLOGY","10.1094/PHYTO-100-6-0593","http://apsjournals.apsnet.org/doi/pdf/10.1094/PHYTO-100-6-0593"
"SOKOLOV MS 2010 EURASIAN SOIL SCI.","10.1134/S1064229310070112","http://www.springerlink.com/index/pdf/10.1134/S1064229310070112"
"ANDERSON RANDYL 2010 RENEW. AGR. FOOD SYST.","10.1017/S1742170510000256","https://www.cambridge.org/core/services/aop-cambridge-core/content/view/S1742170510000256"
"VANDERZAAG PETER 2010 AM. J. POTATO RES.","10.1007/S12230-010-9161-4","http://www.springerlink.com/index/pdf/10.1007/s12230-010-9161-4"
"DATTA SIBAPRASAD 2010 J. PLANT NUTR. SOIL SCI.","10.1002/JPLN.200900010","https://api.wiley.com/onlinelibrary/tdm/v1/articles/10.1002%2Fjpln.200900010"
"GIANINAZZI SILVIO 2010 MYCORRHIZA","10.1007/S00572-010-0333-3","http://link.springer.com/content/pdf/10.1007/s00572-010-0333-3"
"SUGIYAMA AKIFUMI 2010 PLANT DIS.","10.1094/PDIS-02-10-0090","http://apsjournals.apsnet.org/doi/pdf/10.1094/PDIS-02-10-0090"
"SINGH RAJEEVPRATAP 2010 REV. ENVIRON. SCI. BIO-TECHNOL.","10.1007/S11157-010-9218-3","http://www.springerlink.com/index/pdf/10.1007/s11157-010-9218-3"
"SEYEDBAGHERI MIR-M 2010 POTATO RES.","10.1007/S11540-010-9177-7","http://www.springerlink.com/index/pdf/10.1007/s11540-010-9177-7"
"AGELE SO 2011 ARCH. AGRON. SOIL SCI.","10.1080/03650340903225040","http://www.tandfonline.com/doi/pdf/10.1080/03650340903225040"
"KRUPENIKOV IGORIARCADIE 2011 NA","10.1007/978-94-007-0159-5\_1","http://link.springer.com/content/pdf/10.1007/978-94-007-0159-5_1"
"KRUPENIKOV IGORIARCADIE 2011 NA","10.1007/978-94-007-0159-5\_16","http://link.springer.com/content/pdf/10.1007/978-94-007-0159-5_16"
"KRUPENIKOV IGORIARCADIE 2011 NA","10.1007/978-94-007-0159-5\_17","http://link.springer.com/content/pdf/10.1007/978-94-007-0159-5_17"
"GHOSH SUBHADIP 2011 COMMUN. SOIL SCI. PLANT ANAL.","10.1080/00103624.2011.587576","http://www.tandfonline.com/doi/pdf/10.1080/00103624.2011.587576"
"BANERJEE ARNAB 2011 COMMUN. SOIL SCI. PLANT ANAL.","10.1080/00103624.2011.609256","http://www.tandfonline.com/doi/pdf/10.1080/00103624.2011.609256"
"LAXMINARAYANA K 2011 COMMUN. SOIL SCI. PLANT ANAL.","10.1080/00103624.2011.609259","http://www.tandfonline.com/doi/pdf/10.1080/00103624.2011.609259"
"BERRY SHAUNDAVID 2011 INT. J. PEST MANAGE.","10.1080/09670874.2011.621984","http://www.tandfonline.com/doi/pdf/10.1080/09670874.2011.621984"
"BARRUTIA O 2011 INT. J. PHYTOREMEDIAT.","10.1080/15226511003753946","http://www.tandfonline.com/doi/pdf/10.1080/15226511003753946"
"CHAN KWONGYIN 2011 SOIL BIOL.","10.1007/978-3-642-20256-8\_3","http://www.springerlink.com/index/pdf/10.1007/978-3-642-20256-8_3"
"BIJAY-SINGH  2011 SOIL BIOL.","10.1007/978-3-642-20256-8\_6","http://www.springerlink.com/index/pdf/10.1007/978-3-642-20256-8_6"
"SHAHID SHABBIRA 2011 NA","10.1007/978-94-007-0519-7\_3","http://www.springerlink.com/index/pdf/10.1007/978-94-007-0519-7_3"
"CHOUDHARY OMPARKASH 2011 SUSTAIN. AGRIC. REV.","10.1007/978-94-007-0186-1\_10","http://www.springerlink.com/index/pdf/10.1007/978-94-007-0186-1_10"
"AHMAD IQBAL 2011 NA","10.1007/978-1-4419-7931-5\_1","http://www.springerlink.com/index/pdf/10.1007/978-1-4419-7931-5_1"
"DAS SHONKORKUMAR 2011 SOIL BIOL.","10.1007/978-3-642-14225-3\_2","http://link.springer.com/content/pdf/10.1007/978-3-642-14225-3_2"
"STIRLING GRAHAMR 2011 PROG. BIOL. CONTROL","10.1007/978-1-4020-9648-8\_1","http://www.springerlink.com/index/pdf/10.1007/978-1-4020-9648-8_1"
"NA  2011 SOIL BIOL.","10.1007/978-3-642-20256-8","http://link.springer.com/content/pdf/10.1007/978-3-642-20256-8"
"LAL RATTAN 2011 SOIL BIOL.","10.1007/978-3-642-20256-8\_1","http://www.springerlink.com/index/pdf/10.1007/978-3-642-20256-8_1"
"ALLEN DIANEE 2011 SOIL BIOL.","10.1007/978-3-642-20256-8\_2","http://www.springerlink.com/index/pdf/10.1007/978-3-642-20256-8_2"
"RENGEL ZDENKO 2011 SOIL BIOL.","10.1007/978-3-642-20256-8\_4","http://www.springerlink.com/index/pdf/10.1007/978-3-642-20256-8_4"
"DALAL RAMC 2011 SOIL BIOL.","10.1007/978-3-642-20256-8\_5","http://www.springerlink.com/index/pdf/10.1007/978-3-642-20256-8_5"
"MELE PM 2011 SOIL BIOL.","10.1007/978-3-642-20256-8\_8","http://www.springerlink.com/index/pdf/10.1007/978-3-642-20256-8_8"
"MURPHY BRIANW 2011 SOIL BIOL.","10.1007/978-3-642-20256-8\_9","http://www.springerlink.com/index/pdf/10.1007/978-3-642-20256-8_9"
"RAISON RJOHN 2011 SOIL BIOL.","10.1007/978-3-642-20256-8\_12","http://www.springerlink.com/index/pdf/10.1007/978-3-642-20256-8_12"
"BANNING NATASHAC 2011 SOIL BIOL.","10.1007/978-3-642-20256-8\_13","http://www.springerlink.com/index/pdf/10.1007/978-3-642-20256-8_13"
"STOCKDALE ELIZABETH 2011 SOIL BIOL.","10.1007/978-3-642-20256-8\_14","http://www.springerlink.com/index/pdf/10.1007/978-3-642-20256-8_14"
"GEORGE BRENDANH 2011 SOIL BIOL.","10.1007/978-3-642-20256-8\_16","http://www.springerlink.com/index/pdf/10.1007/978-3-642-20256-8_16"
"OWENYA MARIETHAZ 2011 INT. J. AGRIC. SUSTAIN.","10.3763/IJAS.2010.0557","http://www.tandfonline.com/doi/pdf/10.3763/ijas.2010.0557"
"KHAN ZEYAUR 2011 INT. J. AGRIC. SUSTAIN.","10.3763/IJAS.2010.0558","http://www.tandfonline.com/doi/pdf/10.3763/ijas.2010.0558"
"CHAUHAN PUNEETSINGH 2011 J. BASIC MICROBIOL.","10.1002/JOBM.201000171","https://api.wiley.com/onlinelibrary/tdm/v1/articles/10.1002%2Fjobm.201000171"
"SMITH ADAMN 2011 WEED SCI.","10.1614/WS-D-10-00112.1","https://www.cambridge.org/core/services/aop-cambridge-core/content/view/S0043174500020336"
"DUPREEZ CHRISC 2011 S. AFR. J. SCI.","10.4102/SAJS.V107I5/6.354","http://www.sajs.co.za/sites/default/files/publications/pdf/354-5273-5-PB.pdf"
"GHOSH S 2011 SOIL USE MANAGE.","10.1111/J.1475-2743.2011.00333.X","https://api.wiley.com/onlinelibrary/tdm/v1/articles/10.1111%2Fj.1475-2743.2011.00333.x"
"LAL R 2011 J. SOIL WATER CONSERV.","10.2489/JSWC.66.4.276","https://syndication.highwire.org/content/doi/10.2489/jswc.66.4.276"
"BRAINARD DANIELC 2011 WEED TECHNOL.","10.1614/WT-D-10-00134.1","https://www.cambridge.org/core/services/aop-cambridge-core/content/view/S0890037X00010800"
"WAKADIKAR KANCHAN 2011 ENVIRON. EARTH SCI.","10.1007/S12665-010-0812-Z","http://www.springerlink.com/index/pdf/10.1007/s12665-010-0812-z"
"GOPALAKRISHNAN GAYATHRI 2011 J. ENVIRON. QUAL.","10.2134/JEQ2010.0539","https://dl.sciencesocieties.org/publications/jeq/pdfs/40/5/1593"
"GATHALA MAHESHK 2011 SOIL SCI. SOC. AM. J.","10.2136/SSSAJ2010.0362","https://dl.sciencesocieties.org/publications/sssaj/pdfs/75/5/1851"
"PALTRIDGE NICHOLASG 2011 PLANT SOIL","10.1007/S11104-011-0859-Y","http://www.springerlink.com/index/pdf/10.1007/s11104-011-0859-y"
"ELIFANTZ HILA 2011 MICROB. ECOL.","10.1007/S00248-011-9867-Y","http://link.springer.com/content/pdf/10.1007/s00248-011-9867-y.pdf"
"ACTON PETERM 2011 ENVIRON. SCI. TECHNOL.","10.1021/ES202764Q","http://pubs.acs.org/doi/pdf/10.1021/es202764q"
"WADODKAR MILINDR 2011 J. INDIAN SOC. REMOTE SENS.","10.1007/S12524-011-0095-1","http://www.springerlink.com/index/pdf/10.1007/s12524-011-0095-1"
"DEEPAK  2011 AFR. J. AGRIC. RES.","10.5897/AJARX11.048","http://academicjournals.org/journal/AJAR/article-full-text-pdf/5DA202238422"
"STIRLING GR 2012 AUSTRAL. PLANT PATHOL.","10.1007/S13313-011-0096-0","http://www.springerlink.com/index/pdf/10.1007/s13313-011-0096-0"
"GAO YANG 2012 ENVIRON. EARTH SCI.","10.1007/S12665-011-1101-1","http://www.springerlink.com/index/pdf/10.1007/s12665-011-1101-1"
"SIDDIQUE KADAMBOTHM 2012 AGRON. SUSTAIN. DEV.","10.1007/S13593-011-0021-5","http://www.springerlink.com/index/pdf/10.1007/s13593-011-0021-5"
"SHEAHAN CM 2012 J. SUSTAIN. AGRIC.","10.1080/10440046.2011.627990","http://www.tandfonline.com/doi/pdf/10.1080/10440046.2011.627990"
"MITRA BIPLAB 2012 ARCH. AGRON. SOIL SCI.","10.1080/03650340.2010.512611","http://www.tandfonline.com/doi/pdf/10.1080/03650340.2010.512611"
"SAHRAWAT KANWARLAL 2012 ARCH. AGRON. SOIL SCI.","10.1080/03650340.2010.522993","http://www.tandfonline.com/doi/pdf/10.1080/03650340.2010.522993"
"SHUKLA SK 2012 COMMUN. SOIL SCI. PLANT ANAL.","10.1080/00103624.2012.656170","http://www.tandfonline.com/doi/pdf/10.1080/00103624.2012.656170"
"LAUDICINA VITOARMANDO 2012 NA","10.1007/978-94-007-1591-2\_6","http://link.springer.com/content/pdf/10.1007/978-94-007-1591-2_6"
"CANIZALES-PAREDES N 2012 COMMUN. SOIL SCI. PLANT ANAL.","10.1080/00103624.2012.666303","http://www.tandfonline.com/doi/pdf/10.1080/00103624.2012.666303"
"CHEN WEI 2012 COMMUN. SOIL SCI. PLANT ANAL.","10.1080/00103624.2012.684828","http://www.tandfonline.com/doi/pdf/10.1080/00103624.2012.684828"
"MAPILA MATJ 2012 AGREKON","10.1080/03031853.2012.649534","http://www.tandfonline.com/doi/pdf/10.1080/03031853.2012.649534"
"SWAIN SC 2012 COMMUN. SOIL SCI. PLANT ANAL.","10.1080/00103624.2012.693233","http://www.tandfonline.com/doi/pdf/10.1080/00103624.2012.693233"
"GARRETT KA 2012 CAN. J. PLANT PATHOL.","10.1080/07060661.2012.706832","http://www.tandfonline.com/doi/pdf/10.1080/07060661.2012.706832"
"YU YAN 2012 NA","10.4028/WWW.SCIENTIFIC.NET/AMR.393-395.1545","http://www.scientific.net/AMR.393-395.1545.pdf"
"DAVARI MR 2012 BIOL. AGRIC. HORTIC.","10.1080/01448765.2012.735005","http://www.tandfonline.com/doi/pdf/10.1080/01448765.2012.735005"
"ZHANG JING 2012 NA","10.4028/WWW.SCIENTIFIC.NET/AMR.599.865","http://www.scientific.net/AMR.599.865.pdf"
"BEHERA KAMBASKAKUMAR 2012 SUSTAIN. AGRIC. REV.","10.1007/978-94-007-1905-7\_12","http://www.springerlink.com/index/pdf/10.1007/978-94-007-1905-7_12"
"MIJANGOS IKER 2012 ENVIRON. SCI. ENG.","10.1007/978-3-642-21162-1\_15","http://www.springerlink.com/index/pdf/10.1007/978-3-642-21162-1_15"
"LEHMANN JOHANNES 2012 CARBON MANAG.","10.4155/CMT.11.72","http://www.tandfonline.com/doi/pdf/10.4155/cmt.11.72"
"DONN SUZANNE 2012 METHODS ECOL. EVOL.","10.1111/J.2041-210X.2011.00145.X","https://api.wiley.com/onlinelibrary/tdm/v1/articles/10.1111%2Fj.2041-210X.2011.00145.x"
"ROBINSON DA 2012 VADOSE ZONE J.","10.2136/VZJ2011.0051","https://dl.sciencesocieties.org/publications/vzj/pdfs/11/1/vzj2011.0051"
"SAIKIA SIDDHARTHAPROTEEM 2012 AFR. J. MICROBIOL. RES.","10.5897/AJMR11.019","http://academicjournals.org/journal/AJMR/article-full-text-pdf/6545B2727468"
"PRASANNA RADHA 2012 WORLD J. MICROBIOL. BIOTECHNOL.","10.1007/S11274-011-0926-9","http://www.springerlink.com/index/pdf/10.1007/s11274-011-0926-9"
"TAHMASBIAN IMAN 2012 AFR. J. MICROBIOL. RES.","10.5897/AJMR11.967","http://academicjournals.org/journal/AJMR/article-full-text-pdf/4E9B2C523239"
"ANJUM RESHMA 2012 ENVIRON. MONIT. ASSESS.","10.1007/S10661-011-2167-7","http://www.springerlink.com/index/pdf/10.1007/s10661-011-2167-7"
"LAKARIA BRIJLAL 2012 NATL. ACAD. SCI. LETT.-INDIA","10.1007/S40009-012-0040-Z","http://link.springer.com/content/pdf/10.1007/s40009-012-0040-z"
"PARIHAR CM 2012 AFR. J. MICROBIOL. RES.","10.5897/AJMR12.764","http://academicjournals.org/journal/AJMR/article-full-text-pdf/AE1FC0326308"
"KUMAR SANJEEV 2012 EXP. AGRIC.","10.1017/S0014479712000087","https://www.cambridge.org/core/services/aop-cambridge-core/content/view/S0014479712000087"
"CHAKRABORTY SUKUMAR 2012 GLOB. CHANGE BIOL.","10.1111/J.1365-2486.2012.02667.X","https://api.wiley.com/onlinelibrary/tdm/v1/articles/10.1111%2Fj.1365-2486.2012.02667.x"
"GAURI SAMIRANS 2012 APPL. MICROBIOL. BIOTECHNOL.","10.1007/S00253-012-4159-0","http://www.springerlink.com/index/pdf/10.1007/s00253-012-4159-0"
"GOMEZ-SAGASTI MARIAT 2012 WATER AIR SOIL POLLUT.","10.1007/S11270-012-1106-8","http://www.springerlink.com/index/pdf/10.1007/s11270-012-1106-8"
"CHAPARRO JACQUELINEM 2012 BIOL. FERTIL. SOILS","10.1007/S00374-012-0691-4","http://www.springerlink.com/index/pdf/10.1007/s00374-012-0691-4"
"SUJA GIRIJA 2012 AGRON. SUSTAIN. DEV.","10.1007/S13593-011-0058-5","http://www.springerlink.com/index/pdf/10.1007/s13593-011-0058-5"
"PAUNGFOO-LONHIENNE CHANYARAT 2012 PLANT SOIL","10.1007/S11104-012-1357-6","http://www.springerlink.com/index/pdf/10.1007/s11104-012-1357-6"
"LIEBEKE MANUEL 2012 METABOLOMICS","10.1007/S11306-011-0377-1","http://www.springerlink.com/index/pdf/10.1007/s11306-011-0377-1"
"COLLA P 2012 PHYTOPARASITICA","10.1007/S12600-012-0252-2","http://www.springerlink.com/index/pdf/10.1007/s12600-012-0252-2"
"MUTH JR 2012 J. ENVIRON. QUAL.","10.2134/JEQ2012.0067","https://dl.sciencesocieties.org/publications/jeq/pdfs/41/6/1796"
"SHEPPARD SC 2012 J. ENVIRON. QUAL.","10.2134/JEQ2012.0133","https://dl.sciencesocieties.org/publications/jeq/pdfs/41/6/1846"
"LI RU 2012 PLOS ONE","10.1371/JOURNAL.PONE.0051897","http://dx.plos.org/10.1371/journal.pone.0051897"
"ALLAN CATHERINE 2013 ITAL. J. AGRON.","10.4081/IJA.2013.E15","http://agronomy.it/index.php/agro/article/viewFile/506/493"
"KUMAR VIRENDER 2013 WEED TECHNOL.","10.1614/WT-D-12-00069.1","https://www.cambridge.org/core/services/aop-cambridge-core/content/view/S0890037X00012847"
"OLIVER DP 2013 AUST. J. GRAPE WINE RES.","10.1111/AJGW.12016","https://api.wiley.com/onlinelibrary/tdm/v1/articles/10.1111%2Fajgw.12016"
"MARAIS MARIETTE 2013 KOEDOE","10.4102/KOEDOE.V55I1.1086","http://koedoe.co.za/index.php/koedoe/article/viewFile/1086/1447"
"RAMES EK 2013 AUSTRAL. PLANT PATHOL.","10.1007/S13313-013-0231-1","http://link.springer.com/content/pdf/10.1007/s13313-013-0231-1"
"PEPPER IANL 2013 CRIT. REV. ENVIRON. SCI. TECHNOL.","10.1080/10643389.2012.694330","http://www.tandfonline.com/doi/pdf/10.1080/10643389.2012.694330"
"AHAMADOU BOCAR 2013 NA","10.1007/978-94-007-4177-5\_15","http://link.springer.com/content/pdf/10.1007/978-94-007-4177-5_15"
"HUANG LI-FENG 2013 J. CHEM. ECOL.","10.1007/S10886-013-0244-9","http://link.springer.com/content/pdf/10.1007/s10886-013-0244-9"
"GRIFFITHS BRYANS 2013 FEMS MICROBIOL. REV.","10.1111/J.1574-6976.2012.00343.X","https://academic.oup.com/femsre/article/37/2/112/622548/Insights-into-the-resistance-and-resilience-of-the"
"CHOUDHURY BU 2013 J. INDIAN SOC. REMOTE SENS.","10.1007/S12524-011-0194-Z","http://link.springer.com/content/pdf/10.1007/s12524-011-0194-z"
"SHARMA RAVICHANDRA 2013 COMMUN. SOIL SCI. PLANT ANAL.","10.1080/00103624.2012.750335","http://www.tandfonline.com/doi/pdf/10.1080/00103624.2012.750335"
"NUNEZ-ZOFIO M 2013 PHYTOPARASITICA","10.1007/S12600-012-0277-6","http://link.springer.com/content/pdf/10.1007/s12600-012-0277-6"
"LINDSEY ALEXANDERJ 2013 WEED TECHNOL.","10.1614/WT-D-12-00124.1","https://www.cambridge.org/core/services/aop-cambridge-core/content/view/S0890037X0001304X"
"YIM BUNLONG 2013 PLANT SOIL","10.1007/S11104-012-1454-6","http://link.springer.com/content/pdf/10.1007/s11104-012-1454-6"
"GHIMIRE RAJAN 2013 RENEW. AGR. FOOD SYST.","10.1017/S1742170512000208","https://www.cambridge.org/core/services/aop-cambridge-core/content/view/S1742170512000208"
"WU H-S 2013 SOIL USE MANAGE.","10.1111/SUM.12029","https://api.wiley.com/onlinelibrary/tdm/v1/articles/10.1111%2Fsum.12029"
"YANG SHANG-DONG 2013 SUGAR TECH.","10.1007/S12355-012-0200-Y","http://link.springer.com/content/pdf/10.1007/s12355-012-0200-y"
"MUELLER MARENSTELLA 2013 PLOS ONE","10.1371/JOURNAL.PONE.0066200","http://dx.plos.org/10.1371/journal.pone.0066200"
"PRASANNA RADHA 2013 EXP. AGRIC.","10.1017/S001447971200107X","https://www.cambridge.org/core/services/aop-cambridge-core/content/view/S001447971200107X"
"JOHNSON PHILLIP 2013 AGRON. J.","10.2134/AGRONJ2012.0465","https://dl.sciencesocieties.org/publications/aj/pdfs/105/4/929"
"STIKA JONA 2013 J. SOIL WATER CONSERV.","10.2489/JSWC.68.4.99A","https://syndication.highwire.org/content/doi/10.2489/jswc.68.4.99A"
"JHA MN 2013 COMMUN. SOIL SCI. PLANT ANAL.","10.1080/00103624.2013.794821","http://www.tandfonline.com/doi/pdf/10.1080/00103624.2013.794821"
"ZHANG YING 2013 ENVIRON. SCI. POLLUT. RES.","10.1007/S11356-012-1455-2","http://link.springer.com/content/pdf/10.1007/s11356-012-1455-2"
"KUMARI REETA 2013 J. APPL. PHYCOL.","10.1007/S10811-012-9933-Y","http://link.springer.com/content/pdf/10.1007/s10811-012-9933-y"
"KALRA ALOK 2013 RENEW. AGR. FOOD SYST.","10.1017/S1742170512000099","https://www.cambridge.org/core/services/aop-cambridge-core/content/view/S1742170512000099"
"KNIGHT A 2013 URBAN ECOSYST.","10.1007/S11252-013-0288-1","http://link.springer.com/content/pdf/10.1007/s11252-013-0288-1"
"JANG TAEIL 2013 IRRIG. SCI.","10.1007/S00271-013-0401-5","http://link.springer.com/content/pdf/10.1007/s00271-013-0401-5"
"ROUT MARNIEE 2013 AM. J. BOT.","10.3732/AJB.1300291","https://syndication.highwire.org/content/doi/10.3732/ajb.1300291"
"MOJID MA 2013 SOIL USE MANAGE.","10.1111/SUM.12056","https://api.wiley.com/onlinelibrary/tdm/v1/articles/10.1111%2Fsum.12056"
"CHOUDHARY KRISHNAKUMAR 2013 ARCH. AGRON. SOIL SCI.","10.1080/03650340.2012.713473","http://www.tandfonline.com/doi/pdf/10.1080/03650340.2012.713473"
"RASHID SHAHIDUR 2013 AGRIC. ECON.","10.1111/AGEC.12083","https://api.wiley.com/onlinelibrary/tdm/v1/articles/10.1111%2Fagec.12083"
"WARD PHILIPR 2013 BIOLOGIA","10.2478/S11756-013-0253-8","https://www.degruyter.com/view/j/biolog.2013.68.issue-6/s11756-013-0253-8/s11756-013-0253-8.pdf"
"RATHORE AVINASHCHANDRA 2013 AGROFOR. SYST.","10.1007/S10457-013-9646-5","http://link.springer.com/content/pdf/10.1007/s10457-013-9646-5"
"CINNADURAI CHINNAPPAN 2013 ANN. MICROBIOL.","10.1007/S13213-013-0600-6","http://link.springer.com/content/pdf/10.1007/s13213-013-0600-6"
"MASCIANDARO G 2013 REV. ENVIRON. SCI. BIO-TECHNOL.","10.1007/S11157-013-9313-3","http://link.springer.com/content/pdf/10.1007/s11157-013-9313-3"
"CHANDER GIRISH 2013 ARCH. AGRON. SOIL SCI.","10.1080/03650340.2012.761336","http://www.tandfonline.com/doi/pdf/10.1080/03650340.2012.761336"
"UMESH UN 2013 SUGAR TECH.","10.1007/S12355-013-0213-1","http://link.springer.com/content/pdf/10.1007/s12355-013-0213-1"
"KEDING GUDRUNB 2013 FOOD SECUR.","10.1007/S12571-013-0312-6","http://link.springer.com/content/pdf/10.1007/s12571-013-0312-6"
"SAHAY R 2013 SOIL USE MANAGE.","10.1111/SUM.12081","https://api.wiley.com/onlinelibrary/tdm/v1/articles/10.1111%2Fsum.12081"
"BELL MJ 2014 CROP PASTURE SCI.","10.1071/CP13340","http://www.publish.csiro.au/CP/pdf/CP13340"
"SHARMA RAVICHANDRA 2014 COMPOST SCI. UTIL.","10.1080/1065657X.2014.895456","http://www.tandfonline.com/doi/pdf/10.1080/1065657X.2014.895456"
"KARUNARATNE SB 2014 SOIL RES.","10.1071/SR13081","http://www.publish.csiro.au/SR/pdf/SR13081"
"MACDONALD CATRIONA 2014 BIOENGINEERED","10.4161/BIOE.25320","http://www.tandfonline.com/doi/pdf/10.4161/bioe.25320"
"EPELDE LUR 2014 INT. J. PHYTOREMEDIAT.","10.1080/15226514.2013.810578","http://www.tandfonline.com/doi/pdf/10.1080/15226514.2013.810578"
"WARING CHRIS 2014 NA","10.1007/978-3-319-04084-4\_23","http://link.springer.com/content/pdf/10.1007/978-3-319-04084-4_23"
"BENNETT JMCL 2014 SOIL RES.","10.1071/SR13118","http://www.publish.csiro.au/SR/pdf/SR13118"
"FANG HUA 2014 J. ENVIRON. SCI. HEALTH PART B-PESTIC. CONTAM. AGRIC. WASTES","10.1080/03601234.2014.911592","http://www.tandfonline.com/doi/pdf/10.1080/03601234.2014.911592"
"SHARMA SANDEEP 2014 J. PLANT NUTR.","10.1080/01904167.2014.890221","http://www.tandfonline.com/doi/pdf/10.1080/01904167.2014.890221"
"LITTLE KARENR 2014 CROP PASTURE SCI.","10.1071/CP13433","http://www.publish.csiro.au/CP/pdf/CP13433"
"ALAM MDKHAIRUL 2014 SCI. WORLD J.","10.1155/2014/437283","http://downloads.hindawi.com/journals/tswj/2014/437283.pdf"
"MOORE TL 2014 AUST. MAMMAL.","10.1071/AM13022","http://www.publish.csiro.au/AM/pdf/AM13022"
"EL-RAMADY HASSANR 2014 SUSTAIN. AGRIC. REV.","10.1007/978-3-319-06016-3\_11","http://link.springer.com/content/pdf/10.1007/978-3-319-06016-3_11"
"VELMOUROUGANE KULANDAIVELU 2014 NA","10.1007/978-3-319-05936-5\_8","http://link.springer.com/content/pdf/10.1007/978-3-319-05936-5_8"
"ROSENZWEIG NOAH 2014 NA","10.1007/978-3-319-05936-5\_13","http://link.springer.com/content/pdf/10.1007/978-3-319-05936-5_13"
"LEE SANGHUN 2014 BIOTECHNOL. AGRIC. FOR.","10.1007/978-3-642-55262-5\_10","http://link.springer.com/content/pdf/10.1007/978-3-642-55262-5_10"
"MASHELA PW 2014 ACTA AGRIC. SCAND. SECT. B-SOIL PLANT SCI.","10.1080/09064710.2014.885078","http://www.tandfonline.com/doi/pdf/10.1080/09064710.2014.885078"
"VERMA RAJESHKUMAR 2014 COMMUN. SOIL SCI. PLANT ANAL.","10.1080/00103624.2013.854803","http://www.tandfonline.com/doi/pdf/10.1080/00103624.2013.854803"
"LI KEFENG 2014 ENVIRON. SCI. TECHNOL.","10.1021/ES4047395","http://pubs.acs.org/doi/pdf/10.1021/es4047395"
"KLOEKE AEELAINEVANOMMEN 2014 ENVIRON. TOXICOL. CHEM.","10.1002/ETC.2446","https://api.wiley.com/onlinelibrary/tdm/v1/articles/10.1002%2Fetc.2446"
"ZHAO JUN 2014 MICROB. ECOL.","10.1007/S00248-013-0322-0","http://link.springer.com/content/pdf/10.1007/s00248-013-0322-0"
"SINHA NISHANTK 2014 NATL. ACAD. SCI. LETT.-INDIA","10.1007/S40009-013-0194-3","http://link.springer.com/content/pdf/10.1007/s40009-013-0194-3"
"GALENDE MA 2014 WATER AIR SOIL POLLUT.","10.1007/S11270-013-1863-Z","http://link.springer.com/content/pdf/10.1007/s11270-013-1863-z"
"SUREKHA K 2014 COMMUN. SOIL SCI. PLANT ANAL.","10.1080/00103624.2013.872250","http://www.tandfonline.com/doi/pdf/10.1080/00103624.2013.872250"
"TRIPATHI BINUMANI 2014 INDIAN J. MICROBIOL.","10.1007/S12088-013-0398-8","http://link.springer.com/content/pdf/10.1007/s12088-013-0398-8"
"EHRMANN JUERGEN 2014 PLANT SOIL","10.1007/S11104-013-1921-8","http://link.springer.com/content/pdf/10.1007/s11104-013-1921-8"
"REEVES J 2014 URBAN ECOSYST.","10.1007/S11252-013-0308-1","http://link.springer.com/content/pdf/10.1007/s11252-013-0308-1"
"OLSON KENNETHR 2014 SOIL SCI. SOC. AM. J.","10.2136/SSSAJ2013.09.0412","https://dl.sciencesocieties.org/publications/sssaj/pdfs/78/2/348"
"GARDEA-TORRESDEY JORGEL 2014 ENVIRON. SCI. TECHNOL.","10.1021/ES4050665","http://pubs.acs.org/doi/pdf/10.1021/es4050665"
"KIRMANI NAYARAFAQ 2014 COMMUN. SOIL SCI. PLANT ANAL.","10.1080/00103624.2013.874021","http://www.tandfonline.com/doi/pdf/10.1080/00103624.2013.874021"
"JAIN PARAS 2014 ENVIRON. MONIT. ASSESS.","10.1007/S10661-013-3513-8","http://link.springer.com/content/pdf/10.1007/s10661-013-3513-8"
"SWARUPA V 2014 PLANTA","10.1007/S00425-013-2024-8","http://link.springer.com/content/pdf/10.1007/s00425-013-2024-8"
"FOLBERTH CHRISTIAN 2014 ENVIRON. RES. LETT.","10.1088/1748-9326/9/4/044004","http://stacks.iop.org/1748-9326/9/i=4/a=044004/pdf"
"PAUL JAI 2014 COMMUN. SOIL SCI. PLANT ANAL.","10.1080/00103624.2013.867051","http://www.tandfonline.com/doi/pdf/10.1080/00103624.2013.867051"
"JAIPAUL ANILK 2014 AGROECOL. SUSTAIN. FOOD SYST.","10.1080/21683565.2013.870628","http://www.tandfonline.com/doi/pdf/10.1080/21683565.2013.870628"
"PRINTZ JEFFREYL 2014 J. SOIL WATER CONSERV.","10.2489/JSWC.69.3.73A","https://syndication.highwire.org/content/doi/10.2489/jswc.69.3.73A"
"LOUW SCHALKVDM 2014 S. AFR. J. SCI.","10.1590/SAJS.2014/A0064","http://www.sajs.co.za/sites/default/files/publications/pdf/Louw_News%20and%20Views.pdf"
"SHEN ZONGZHUAN 2014 PLOS ONE","10.1371/JOURNAL.PONE.0098420","http://dx.plos.org/10.1371/journal.pone.0098420"
"OSBORNE SHANNONL 2014 BIOENERGY RES.","10.1007/S12155-014-9413-0","http://link.springer.com/content/pdf/10.1007/s12155-014-9413-0"
"CHHOTARAY DEBASMITA 2014 ACTA PHYSIOL. PLANT.","10.1007/S11738-014-1527-7","http://link.springer.com/content/pdf/10.1007/s11738-014-1527-7"
"SBRANA CRISTIANA 2014 ELECTROPHORESIS","10.1002/ELPS.201300568","https://api.wiley.com/onlinelibrary/tdm/v1/articles/10.1002%2Felps.201300568"
"KODAMA NAOMI 2014 PLOS ONE","10.1371/JOURNAL.PONE.0097986","http://dx.plos.org/10.1371/journal.pone.0097986"
"ZHANG WENWEN 2014 ENVIRON. SCI. POLLUT. RES.","10.1007/S11356-014-2844-5","http://link.springer.com/content/pdf/10.1007/s11356-014-2844-5"
"NEOGI S 2014 ENVIRON. MONIT. ASSESS.","10.1007/S10661-014-3693-X","http://link.springer.com/content/pdf/10.1007/s10661-014-3693-x"
"SANSCARTIER DAVID 2014 BIOFUELS BIOPROD. BIOREFINING","10.1002/BBB.1485","https://api.wiley.com/onlinelibrary/tdm/v1/articles/10.1002%2Fbbb.1485"
"KYSELKOVA MARTINA 2014 ENVIRON. MICROBIOL. REP.","10.1111/1758-2229.12131","https://api.wiley.com/onlinelibrary/tdm/v1/articles/10.1111%2F1758-2229.12131"
"EMER NR 2014 EURASIAN SOIL SCI.","10.1134/S106422931408002X","http://link.springer.com/content/pdf/10.1134/S106422931408002X"
"BEVIVINO ANNAMARIA 2014 PLOS ONE","10.1371/JOURNAL.PONE.0105515","http://dx.plos.org/10.1371/journal.pone.0105515"
"MISHRA AK 2014 SUGAR TECH.","10.1007/S12355-013-0269-Y","http://link.springer.com/content/pdf/10.1007/s12355-013-0269-y"
"GALENDE MARIAA 2014 ENVIRON. SCI. POLLUT. RES.","10.1007/S11356-014-2752-8","http://link.springer.com/content/pdf/10.1007/s11356-014-2752-8"
"HAZRA KK 2014 NUTR. CYCL. AGROECOSYST.","10.1007/S10705-014-9629-6","http://link.springer.com/content/pdf/10.1007/s10705-014-9629-6"
"MOK HOI-FEI 2014 IRRIG. SCI.","10.1007/S00271-014-0434-4","http://link.springer.com/content/pdf/10.1007/s00271-014-0434-4"
"KARLEN DL 2014 J. SOIL WATER CONSERV.","10.2489/JSWC.69.5.393","https://syndication.highwire.org/content/doi/10.2489/jswc.69.5.393"
"DU CHANGWEN 2014 AGRON. SUSTAIN. DEV.","10.1007/S13593-013-0201-6","http://link.springer.com/content/pdf/10.1007/s13593-013-0201-6"
"PROBER SUZANNEM 2014 PLANT SOIL","10.1007/S11104-014-2170-1","http://link.springer.com/content/pdf/10.1007/s11104-014-2170-1"
"CHENNAMANENI SRINIVASARAO 2014 COMMUN. SOIL SCI. PLANT ANAL.","10.1080/00103624.2014.912298","http://www.tandfonline.com/doi/pdf/10.1080/00103624.2014.912298"
"JOLY PIERRE 2014 ECOTOXICOLOGY","10.1007/S10646-014-1304-9","http://link.springer.com/content/pdf/10.1007/s10646-014-1304-9"
"SINGH YP 2014 J. FOR. RES.","10.1007/S11676-014-0535-1","http://link.springer.com/content/pdf/10.1007/s11676-014-0535-1"
"MANYANGA MISIA 2014 AFR. J. ECOL.","10.1111/AJE.12153","https://api.wiley.com/onlinelibrary/tdm/v1/articles/10.1111%2Faje.12153"
"GUO XIAOMING 2014 ECOTOXICOLOGY","10.1007/S10646-014-1319-2","http://link.springer.com/content/pdf/10.1007/s10646-014-1319-2"
"URBANEK EMILIA 2014 J. HYDROL. HYDROMECH.","10.2478/JOHH-2014-0034","https://www.degruyter.com/view/j/johh.2014.62.issue-4/johh-2014-0034/johh-2014-0034.pdf"
"GHABBOUR ELHAMA 2014 J. PLANT NUTR. SOIL SCI.","10.1002/JPLN.201400326","https://api.wiley.com/onlinelibrary/tdm/v1/articles/10.1002%2Fjpln.201400326"
"MALHOTRA JAYA 2015 ENVIRON. MONIT. ASSESS.","10.1007/S10661-014-4081-2","http://link.springer.com/content/pdf/10.1007/s10661-014-4081-2"
"PATEL DP 2015 EXP. AGRIC.","10.1017/S0014479714000167","https://www.cambridge.org/core/services/aop-cambridge-core/content/view/S0014479714000167"
"IRIZAR A 2015 ARCH. ENVIRON. CONTAM. TOXICOL.","10.1007/S00244-014-0060-4","http://link.springer.com/content/pdf/10.1007/s00244-014-0060-4"
"LEHMAN RMICHAEL 2015 J. SOIL WATER CONSERV.","10.2489/JSWC.70.1.12A","https://syndication.highwire.org/content/doi/10.2489/jswc.70.1.12A"
"UPADHYAY SK 2015 PLANT BIOL.","10.1111/PLB.12173","https://api.wiley.com/onlinelibrary/tdm/v1/articles/10.1111%2Fplb.12173"
"DAMSMA KM 2015 SOIL RES.","10.1071/SR14147","http://www.publish.csiro.au/SR/pdf/SR14147"
"SRIVASTAVA AK 2015 J. PLANT NUTR.","10.1080/01904167.2014.944712","http://www.tandfonline.com/doi/pdf/10.1080/01904167.2014.944712"
"CRAWFORD MH 2015 SOIL RES.","10.1071/SR14216","http://www.publish.csiro.au/SR/pdf/SR14216"
"SWANEPOEL PA 2015 SOIL RES.","10.1071/SR14234","http://www.publish.csiro.au/SR/pdf/SR14234"
"FISHER JANE 2015 IOP CONF. SER. EARTH ENVIR. SCI.","10.1088/1755-1315/25/1/012003","http://stacks.iop.org/1755-1315/25/i=1/a=012003/pdf"
"SHEFFIELD K 2015 IOP CONF. SER. EARTH ENVIR. SCI.","10.1088/1755-1315/25/1/012013","http://stacks.iop.org/1755-1315/25/i=1/a=012013/pdf"
"LARKIN ROBERTP 2015 ANNU. REV. PHYTOPATHOL.","10.1146/ANNUREV-PHYTO-080614-120357","http://www.annualreviews.org/doi/pdf/10.1146/annurev-phyto-080614-120357"
"GROSE CJ 2015 SOIL RES.","10.1071/SR14193","http://www.publish.csiro.au/SR/pdf/SR14193"
"DESOUZA ROCHELI 2015 GENET. MOL. BIOL.","10.1590/S1415-475738420150053","http://www.scielo.br/pdf/gmb/v38n4/1415-4757-gmb-S1415-475738420150053.pdf"
"ETEBU EBIMIEOWEI 2015 SOIL BIOL.","10.1007/978-3-319-23075-7\_6","http://link.springer.com/content/pdf/10.1007/978-3-319-23075-7_6"
"OKOROGBONA ALFREDOGHODEM 2015 SUSTAIN. AGRIC. REV.","10.1007/978-3-319-16742-8\_4","http://link.springer.com/content/pdf/10.1007/978-3-319-16742-8_4"
"MOSLEHUDDIN ABUZOFARMD 2015 NA","10.1007/978-4-431-55411-0\_11","http://link.springer.com/content/pdf/10.1007/978-4-431-55411-0_11"
"KUMAR SANDEEP 2015 SUSTAIN. AGRIC. REV.","10.1007/978-3-319-16988-0\_3","http://link.springer.com/content/pdf/10.1007/978-3-319-16988-0_3"
"SHARMA RAVICHANDRA 2015 AGROECOL. SUSTAIN. FOOD SYST.","10.1080/21683565.2014.942764","http://www.tandfonline.com/doi/pdf/10.1080/21683565.2014.942764"
"SINGH RAKSHAPAL 2015 J. ESSENT. OIL BEAR. PLANTS.","10.1080/0972060X.2014.929043","http://www.tandfonline.com/doi/pdf/10.1080/0972060X.2014.929043"
"KANNAN P 2015 COMMUN. SOIL SCI. PLANT ANAL.","10.1080/00103624.2014.967859","http://www.tandfonline.com/doi/pdf/10.1080/00103624.2014.967859"
"DIAS TERESA 2015 J. SCI. FOOD AGRIC.","10.1002/JSFA.6565","https://api.wiley.com/onlinelibrary/tdm/v1/articles/10.1002%2Fjsfa.6565"
"DOERING THOMASF 2015 J. SCI. FOOD AGRIC.","10.1002/JSFA.6539","https://api.wiley.com/onlinelibrary/tdm/v1/articles/10.1002%2Fjsfa.6539"
"MBAU SOLOMONKAMAU 2015 PLANT SOIL","10.1007/S11104-014-2305-4","http://link.springer.com/content/pdf/10.1007/s11104-014-2305-4"
"SHARMA ANJNEY 2015 GEOMICROBIOL. J.","10.1080/01490451.2014.938205","http://www.tandfonline.com/doi/pdf/10.1080/01490451.2014.938205"
"PAUDEL DIWAKAR 2015 GEOCARTO INT.","10.1080/10106049.2014.905639","http://www.tandfonline.com/doi/pdf/10.1080/10106049.2014.905639"
"WANI SUHASP 2015 COMMUN. SOIL SCI. PLANT ANAL.","10.1080/00103624.2014.988087","http://www.tandfonline.com/doi/pdf/10.1080/00103624.2014.988087"
"VANBRUGGEN ARIENAHC 2015 PLANT SOIL","10.1007/S11104-014-2312-5","http://link.springer.com/content/pdf/10.1007/s11104-014-2312-5"
"SCHUMACHER THOMASE 2015 ENVIRON. SCI. POLLUT. RES.","10.1007/S11356-014-3922-4","http://link.springer.com/content/pdf/10.1007/s11356-014-3922-4"
"ISLAM RAFIQ 2015 AGRON. SUSTAIN. DEV.","10.1007/S13593-015-0289-Y","http://link.springer.com/content/pdf/10.1007/s13593-015-0289-y"
"CAMPOS-HERRERA RAQUEL 2015 PLANT SOIL","10.1007/S11104-014-2358-4","http://link.springer.com/content/pdf/10.1007/s11104-014-2358-4"
"RICHARDSON ELIZABETHL 2015 INTEGR. ENVIRON. ASSESS. MANAG.","10.1002/IEAM.1580","https://api.wiley.com/onlinelibrary/tdm/v1/articles/10.1002%2Fieam.1580"
"SHARPLEY ANDREW 2015 ACTA AGRIC. SCAND. SECT. B-SOIL PLANT SCI.","10.1080/09064710.2014.960444","http://www.tandfonline.com/doi/pdf/10.1080/09064710.2014.960444"
"MARZANO SHIN-YI-LEE 2015 AGRON. J.","10.2134/AGRONJ14.0318","https://dl.sciencesocieties.org/publications/aj/pdfs/107/3/1087"
"HOUSTON WAYNEA 2015 AUSTRAL ENTOMOL.","10.1111/AEN.12115","https://api.wiley.com/onlinelibrary/tdm/v1/articles/10.1111%2Faen.12115"
"BIHARI PRIYANKA 2015 ENVIRON. MONIT. ASSESS.","10.1007/S10661-015-4518-2","http://link.springer.com/content/pdf/10.1007/s10661-015-4518-2"
"JYOT GAGAN 2015 ENVIRON. MONIT. ASSESS.","10.1007/S10661-015-4432-7","http://link.springer.com/content/pdf/10.1007/s10661-015-4432-7"
"DOSSANTOS CRISTIANEALCANTARA 2015 SCI. AGRIC.","10.1590/0103-9016-2013-0274","http://www.scielo.br/pdf/sa/v72n3/0103-9016-sa-72-3-0195.pdf"
"BABA ZA 2015 EMIR. J. FOOD AGRIC.","10.9755/EJFA.2015.04.043","http://www.ejmanager.com/fulltextpdf.php?mno=184672"
"ABBAS ZAFAR 2015 ARCH. AGRON. SOIL SCI.","10.1080/03650340.2014.944512","http://www.tandfonline.com/doi/pdf/10.1080/03650340.2014.944512"
"BALDWIN DARRENS 2015 FRESHW. SCI.","10.1086/681009","http://www.journals.uchicago.edu/doi/pdf/10.1086/681009"
"SRIVASTAVA VAIBHAV 2015 REV. ENVIRON. SCI. BIO-TECHNOL.","10.1007/S11157-014-9352-4","http://link.springer.com/content/pdf/10.1007/s11157-014-9352-4"
"STORKEY JONATHAN 2015 ECOL. APPL.","10.1890/14-1605.1","https://api.wiley.com/onlinelibrary/tdm/v1/articles/10.1890%2F14-1605.1"
"SEENIVASAN R 2015 ENVIRON. GEOCHEM. HEALTH","10.1007/S10653-014-9674-8","http://link.springer.com/content/pdf/10.1007/s10653-014-9674-8.pdf"
"O'DEA JUSTINK 2015 NUTR. CYCL. AGROECOSYST.","10.1007/S10705-015-9687-4","http://link.springer.com/content/pdf/10.1007/s10705-015-9687-4"
"PASS DANIELANTONY 2015 ENVIRON. MICROBIOL.","10.1111/1462-2920.12712","https://api.wiley.com/onlinelibrary/tdm/v1/articles/10.1111%2F1462-2920.12712"
"RUSSELL JR 2015 J. ANIM. SCI.","10.2527/JAS.2014-8787","https://www.animalsciencepublications.org/publications/jas/pdfs/93/6/2626"
"IRIZAR AMAIA 2015 ECOTOXICOLOGY","10.1007/S10646-015-1441-9","http://link.springer.com/content/pdf/10.1007/s10646-015-1441-9"
"ANDERSON RANDYL 2015 AGRON. SUSTAIN. DEV.","10.1007/S13593-015-0292-3","http://link.springer.com/content/pdf/10.1007/s13593-015-0292-3"
"KETTERINGS QUIRINEM 2015 AGRON. J.","10.2134/AGRONJ14.0385","https://dl.sciencesocieties.org/publications/aj/pdfs/107/4/1365"
"MCBRATNEY ALEX 2015 SOIL SCI. PLANT NUTR.","10.1080/00380768.2015.1071060","http://www.tandfonline.com/doi/pdf/10.1080/00380768.2015.1071060"
"ALAM FARIDUL 2015 SOIL SCI. PLANT NUTR.","10.1080/00380768.2015.1030690","http://www.tandfonline.com/doi/pdf/10.1080/00380768.2015.1030690"
"RANGEL DRAUZIOEN 2015 CURR. GENET.","10.1007/S00294-015-0500-3","http://link.springer.com/content/pdf/10.1007/s00294-015-0500-3"
"KHALIQ ABDUL 2015 CLEAN-SOIL AIR WATER","10.1002/CLEN.201400776","https://api.wiley.com/onlinelibrary/tdm/v1/articles/10.1002%2Fclen.201400776"
"POMAZKINA LV 2015 EURASIAN SOIL SCI.","10.1134/S1064229315080037","http://link.springer.com/content/pdf/10.1134/S1064229315080037"
"SHARMA KUHUK 2015 URBAN ECOSYST.","10.1007/S11252-014-0432-6","http://link.springer.com/content/pdf/10.1007/s11252-014-0432-6"
"ADHIKARI GOPI 2015 WATER AIR SOIL POLLUT.","10.1007/S11270-015-2563-7","http://link.springer.com/content/pdf/10.1007/s11270-015-2563-7"
"BAHEMMAT MAHDI 2015 ENVIRON. EARTH SCI.","10.1007/S12665-015-4429-0","http://link.springer.com/content/pdf/10.1007/s12665-015-4429-0"
"KARLEN DL 2015 J. SOIL WATER CONSERV.","10.2489/JSWC.70.5.279","https://syndication.highwire.org/content/doi/10.2489/jswc.70.5.279"
"SVORAY TAL 2015 SOIL SCI. SOC. AM. J.","10.2136/SSSAJ2014.09.0371","https://dl.sciencesocieties.org/publications/sssaj/pdfs/79/5/1420"
"MONDAL TANUSHREE 2015 ARCH. AGRON. SOIL SCI.","10.1080/03650340.2014.1000877","http://www.tandfonline.com/doi/pdf/10.1080/03650340.2014.1000877"
"ZABOROWSKA MAGDALENA 2015 COMMUN. SOIL SCI. PLANT ANAL.","10.1080/00103624.2015.1069311","http://www.tandfonline.com/doi/pdf/10.1080/00103624.2015.1069311"
"BENBI DK 2015 COMMUN. SOIL SCI. PLANT ANAL.","10.1080/00103624.2015.1069322","http://www.tandfonline.com/doi/pdf/10.1080/00103624.2015.1069322"
"ZHAO LIANG 2015 BIOL. FERTIL. SOILS","10.1007/S00374-015-1024-1","http://link.springer.com/content/pdf/10.1007/s00374-015-1024-1"
"FRANKE-WHITTLE INGRIDH 2015 PLANT SOIL","10.1007/S11104-015-2562-X","http://link.springer.com/content/pdf/10.1007/s11104-015-2562-x"
"RIVEROLL-LARIOS JESSICA 2015 WATER AIR SOIL POLLUT.","10.1007/S11270-015-2621-1","http://link.springer.com/content/pdf/10.1007/s11270-015-2621-1"
"MURTAZA GHULAM 2015 COMMUN. SOIL SCI. PLANT ANAL.","10.1080/00103624.2015.1081695","http://www.tandfonline.com/doi/pdf/10.1080/00103624.2015.1081695"
"RAJA R 2015 ENVIRON. MONIT. ASSESS.","10.1007/S10661-015-4902-Y","http://link.springer.com/content/pdf/10.1007/s10661-015-4902-y"
"SINHA SUBODHKUMAR 2015 APPL. BIOCHEM. BIOTECHNOL.","10.1007/S12010-015-1815-8","http://link.springer.com/content/pdf/10.1007/s12010-015-1815-8"
"HIVELY WD 2015 J. SOIL WATER CONSERV.","10.2489/JSWC.70.6.340","https://syndication.highwire.org/content/doi/10.2489/jswc.70.6.340"
"ARBUCKLE JR 2015 J. SOIL WATER CONSERV.","10.2489/JSWC.70.6.418","https://syndication.highwire.org/content/doi/10.2489/jswc.70.6.418"
"LI CHUN 2015 PLANT SOIL","10.1007/S11104-015-2570-X","http://link.springer.com/content/pdf/10.1007/s11104-015-2570-x.pdf"
"GRAY JONATHANM 2015 SOIL SCI. SOC. AM. J.","10.2136/SSSAJ2015.06.0224","https://dl.sciencesocieties.org/publications/sssaj/pdfs/79/6/1741"
"KUMAR RAKESH 2015 J. PLANT NUTR.","10.1080/01904167.2014.988355","http://www.tandfonline.com/doi/pdf/10.1080/01904167.2014.988355"
"BHATTACHARYYA T 2015 COMMUN. SOIL SCI. PLANT ANAL.","10.1080/00103624.2015.1089265","http://www.tandfonline.com/doi/pdf/10.1080/00103624.2015.1089265"
"BURDOCK ROBERTP 2015 NUTR. CYCL. AGROECOSYST.","10.1007/S10705-015-9739-9","http://link.springer.com/content/pdf/10.1007/s10705-015-9739-9"
"CAMPBELL ELEANORE 2015 ENVIRON. RES. LETT.","10.1088/1748-9326/10/12/123004","http://stacks.iop.org/1748-9326/10/i=12/a=123004/pdf"
"GALITSKAYA POLINA 2015 J. PLANT NUTR. SOIL SCI.","10.1002/JPLN.201400641","https://api.wiley.com/onlinelibrary/tdm/v1/articles/10.1002%2Fjpln.201400641"
"ELDRIDGE DAVIDJ 2015 ECOHYDROLOGY","10.1002/ECO.1600","https://api.wiley.com/onlinelibrary/tdm/v1/articles/10.1002%2Feco.1600"
"ABRAHAM JOSHUA 2016 EXP. AGRIC.","10.1017/S0014479714000544","https://www.cambridge.org/core/services/aop-cambridge-core/content/view/S0014479714000544"
"SINGH PRADYUMNAKUMAR 2016 PLANT GROWTH REGUL.","10.1007/S10725-015-0070-X","http://link.springer.com/content/pdf/10.1007/s10725-015-0070-x.pdf"
"YANG XING 2016 ENVIRON. SCI. POLLUT. RES.","10.1007/S11356-015-4233-0","http://link.springer.com/content/pdf/10.1007/s11356-015-4233-0.pdf"
"VANBRUGGEN ARIENAHC 2016 PEST MANAG. SCI.","10.1002/PS.4145","https://api.wiley.com/onlinelibrary/tdm/v1/articles/10.1002%2Fps.4145"
"NG LC 2016 COMPOST SCI. UTIL.","10.1080/1065657X.2015.1076750","http://www.tandfonline.com/doi/pdf/10.1080/1065657X.2015.1076750"
"BRIAR SHABEGS 2016 NA","10.1007/978-3-319-26803-3\_5","http://link.springer.com/content/pdf/10.1007/978-3-319-26803-3_5"
"CARLISLE LIZ 2016 AGROECOL. SUSTAIN. FOOD SYST.","10.1080/21683565.2016.1156596","http://www.tandfonline.com/doi/pdf/10.1080/21683565.2016.1156596"
"CLAY SHARONA 2016 J. ENVIRON. SCI. HEALTH PART B-PESTIC. CONTAM. AGRIC. WASTES","10.1080/03601234.2016.1170540","http://www.tandfonline.com/doi/pdf/10.1080/03601234.2016.1170540"
"BHATTACHARJYA SUDESHNA 2016 ARCH. AGRON. SOIL SCI.","10.1080/03650340.2015.1118760","http://www.tandfonline.com/doi/pdf/10.1080/03650340.2015.1118760"
"ZWICKLE S 2016 AGROECOL. SUSTAIN. FOOD SYST.","10.1080/21683565.2016.1166170","http://www.tandfonline.com/doi/pdf/10.1080/21683565.2016.1166170"
"BARUAH ANUSHREE 2016 COMMUN. SOIL SCI. PLANT ANAL.","10.1080/00103624.2016.1178764","http://www.tandfonline.com/doi/pdf/10.1080/00103624.2016.1178764"
"GUMMA MURALIKRISHNA 2016 INT. J. DIGIT. EARTH","10.1080/17538947.2016.1168489","http://www.tandfonline.com/doi/pdf/10.1080/17538947.2016.1168489"
"LU CAIYUN 2016 SOIL RES.","10.1071/SR15123","http://www.publish.csiro.au/SR/pdf/SR15123"
"KOLEVA L 2016 NA","10.17660/ACTAHORTIC.2016.1139.127","http://www.actahort.org/members/showpdf?booknrarnr=1139_127"
"LAL R 2016 NA","10.17660/ACTAHORTIC.2016.1118.13","http://www.actahort.org/members/showpdf?booknrarnr=1118_13"
"JOHN KSUSAN 2016 NA","10.17660/ACTAHORTIC.2016.1118.29","http://www.actahort.org/members/showpdf?booknrarnr=1118_29"
"SWAIN SC 2016 J. PLANT NUTR.","10.1080/01904167.2016.1187751","http://www.tandfonline.com/doi/pdf/10.1080/01904167.2016.1187751"
"SPANU MICHELE 2016 J. ELECTROMAGN. WAVES APPL.","10.1080/09205071.2016.1249802","http://www.tandfonline.com/doi/pdf/10.1080/10256018808623883"
"VANBRUGGEN AHC 2016 ANNU. REV. PHYTOPATHOL.","10.1146/ANNUREV-PHYTO-080615-100123","http://www.annualreviews.org/doi/pdf/10.1146/annurev-phyto-080615-100123"
"MANDAL SANCHITA 2016 CRIT. REV. ENVIRON. SCI. TECHNOL.","10.1080/10643389.2016.1239975","http://www.tandfonline.com/doi/pdf/10.1080/10643389.2016.1239975"
"AITKENHEAD MATT 2016 NA","10.1007/978-3-319-28295-4\_7","http://link.springer.com/content/pdf/10.1007/978-3-319-28295-4_7"
"ELRASHIDI MOUSTAFA 2016 COMMUN. SOIL SCI. PLANT ANAL.","10.1080/00103624.2016.1254787","http://www.tandfonline.com/doi/pdf/10.1080/00103624.2016.1254787"
"PANDEY S 2016 NA","10.17660/ACTAHORTIC.2016.1123.6","http://www.actahort.org/members/showpdf?booknrarnr=1123_6"
"JOVICICH E 2016 NA","10.17660/ACTAHORTIC.2016.1123.18","http://www.actahort.org/members/showpdf?booknrarnr=1123_18"
"AKINSANMI OA 2016 NA","10.17660/ACTAHORTIC.2016.1109.33","http://www.actahort.org/members/showpdf?booknrarnr=1109_33"
"CONNELLAN GJ 2016 NA","10.17660/ACTAHORTIC.2016.1108.19","http://www.actahort.org/members/showpdf?booknrarnr=1108_19"
"BUSTAMANTE SJCASTRO 2016 COMMUN. SOIL SCI. PLANT ANAL.","10.1080/00103624.2016.1232095","https://www.tandfonline.com/doi/pdf/10.1080/00103624.2016.1232095"
"MONDAL SURAJIT 2016 SOIL RES.","10.1071/SR15346","http://www.publish.csiro.au/SR/pdf/SR15346"
"FORGE T 2016 NA","10.17660/ACTAHORTIC.2016.1146.13","http://www.actahort.org/members/showpdf?booknrarnr=1146_13"
"YANG XIHUA 2016 NA","10.1109/IGARSS.2016.7729800","http://xplorestaging.ieee.org/ielx7/7592514/7728980/07729800.pdf?arnumber=7729800"
"PRASAD V 2016 NA","10.17660/ACTAHORTIC.2016.1129.5","http://www.actahort.org/members/showpdf?booknrarnr=1129_5"
"SHARMA RAVICHANDRA 2016 COMMUN. SOIL SCI. PLANT ANAL.","10.1080/00103624.2015.1089260","http://www.tandfonline.com/doi/pdf/10.1080/00103624.2015.1089260"
"YADAV SHAILENDRAKUMAR 2016 J. PLANT NUTR.","10.1080/01904167.2015.1109115","http://www.tandfonline.com/doi/pdf/10.1080/01904167.2015.1109115"
"ROJAS RONALDVARGAS 2016 ENVIRON. EARTH SCI.","10.1007/S12665-015-5099-7","http://link.springer.com/content/pdf/10.1007/s12665-015-5099-7.pdf"
"ORCHARD PETERW 2016 LANDSC. ECOL.","10.1007/S10980-015-0251-Z","http://link.springer.com/content/pdf/10.1007/s10980-015-0251-z.pdf"
"RINCON-FLOREZ VIVIANA 2016 BIOL. FERTIL. SOILS","10.1007/S00374-015-1066-4","http://link.springer.com/content/pdf/10.1007/s00374-015-1066-4.pdf"
"SAHRAWAT KANWARL 2016 COMMUN. SOIL SCI. PLANT ANAL.","10.1080/00103624.2015.1122804","http://www.tandfonline.com/doi/pdf/10.1080/00103624.2015.1122804"
"SOFI JA 2016 ENVIRON. MONIT. ASSESS.","10.1007/S10661-016-5154-1","http://link.springer.com/content/pdf/10.1007/s10661-016-5154-1.pdf"
"AMBROSINI ADRIANA 2016 PLANT SOIL","10.1007/S11104-015-2727-7","http://link.springer.com/content/pdf/10.1007/s11104-015-2727-7.pdf"
"BARROWCLOUGH M 2016 J. SOIL WATER CONSERV.","10.2489/JSWC.71.2.91","https://syndication.highwire.org/content/doi/10.2489/jswc.71.2.91"
"MORROW JASONG 2016 SOIL SCI. SOC. AM. J.","10.2136/SSSAJ2015.08.0308","https://dl.sciencesocieties.org/publications/sssaj/pdfs/80/2/450"
"LATZ ELLEN 2016 SCI REP","10.1038/SREP23584","http://www.nature.com/articles/srep23584.pdf"
"GREEN HILARY 2016 J. SCI. FOOD AGRIC.","10.1002/JSFA.7554","https://api.wiley.com/onlinelibrary/tdm/v1/articles/10.1002%2Fjsfa.7554"
"YI YONGMIN 2016 WATER AIR SOIL POLLUT.","10.1007/S11270-016-2804-4","http://link.springer.com/content/pdf/10.1007/s11270-016-2804-4.pdf"
"SAHA AJOY 2016 ENVIRON. EARTH SCI.","10.1007/S12665-015-5116-X","http://link.springer.com/content/pdf/10.1007/s12665-015-5116-x.pdf"
"ZHAO YUNCHEN 2016 ENVIRON. SCI. POLLUT. RES.","10.1007/S11356-015-5828-1","http://link.springer.com/content/pdf/10.1007/s11356-015-5828-1.pdf"
"QIN SHU-HAO 2016 ARID LAND RES. MANAG.","10.1080/15324982.2015.1033066","http://www.tandfonline.com/doi/pdf/10.1080/15324982.2015.1033066"
"GLIESSMAN STEVE 2016 AGROECOL. SUSTAIN. FOOD SYST.","10.1080/21683565.2016.1140103","http://www.tandfonline.com/doi/pdf/10.1080/21683565.2016.1140103"
"LUGATO EMANUELE 2016 GLOB. CHANGE BIOL.","10.1111/GCB.13198","https://api.wiley.com/onlinelibrary/tdm/v1/articles/10.1111%2Fgcb.13198"
"SANGEETH KP 2016 CRIT. REV. MICROBIOL.","10.3109/1040841X.2014.958433","http://www.tandfonline.com/doi/pdf/10.3109/1040841X.2014.958433"
"WOLFARTH FRIEDERIKE 2016 PLANT SOIL","10.1007/S11104-015-2772-2","http://link.springer.com/content/pdf/10.1007/s11104-015-2772-2.pdf"
"BROWN JOELR 2016 J. SOIL WATER CONSERV.","10.2489/JSWC.71.3.55A","https://syndication.highwire.org/content/doi/10.2489/jswc.71.3.55A"
"BONNER I 2016 J. SOIL WATER CONSERV.","10.2489/JSWC.71.3.182","https://syndication.highwire.org/content/doi/10.2489/jswc.71.3.182"
"YIRSAW BIRUCKDESALEGN 2016 ENVIRON. SCI. POLLUT. RES.","10.1007/S11356-016-6193-4","http://link.springer.com/content/pdf/10.1007/s11356-016-6193-4.pdf"
"BIAN RONGJUN 2016 ENVIRON. SCI. POLLUT. RES.","10.1007/S11356-016-6214-3","http://link.springer.com/content/pdf/10.1007/s11356-016-6214-3.pdf"
"WYSZKOWSKA JADWIGA 2016 J. ENVIRON. SCI. HEALTH PART B-PESTIC. CONTAM. AGRIC. WASTES","10.1080/10934529.2015.1128726","http://www.tandfonline.com/doi/pdf/10.1080/10934529.2015.1128726"
"NOVAK JM 2016 BIOENERGY RES.","10.1007/S12155-016-9720-8","http://link.springer.com/content/pdf/10.1007/s12155-016-9720-8.pdf"
"VENKATESWARLU KADIYALA 2016 REV. ENVIRON. SCI. BIO-TECHNOL.","10.1007/S11157-016-9398-6","http://link.springer.com/content/pdf/10.1007/s11157-016-9398-6.pdf"
"BOULDIN JENNIFERL 2016 BULL. ENVIRON. CONTAM. TOXICOL.","10.1007/S00128-016-1744-4","http://link.springer.com/content/pdf/10.1007/s00128-016-1744-4.pdf"
"ABELLA SCOTTR 2016 J. FISH WILDL. MANAG.","10.3996/052015-JFWM-046","http://www.fwspubs.org/doi/pdf/10.3996/052015-JFWM-046"
"VERMA SANJEETK 2016 CLEAN-SOIL AIR WATER","10.1002/CLEN.201400639","https://api.wiley.com/onlinelibrary/tdm/v1/articles/10.1002%2Fclen.201400639"
"HADDIX MICHELLEL 2016 GLOB. CHANGE BIOL.","10.1111/GCB.13237","https://api.wiley.com/onlinelibrary/tdm/v1/articles/10.1111%2Fgcb.13237"
"KUMAR SHRVAN 2016 AGRIC. RES.","10.1007/S40003-016-0205-Y","http://link.springer.com/content/pdf/10.1007/s40003-016-0205-y.pdf"
"HE WENXIANG 2016 ENVIRON. MONIT. ASSESS.","10.1007/S10661-016-5416-Y","http://link.springer.com/content/pdf/10.1007/s10661-016-5416-y.pdf"
"ZABOROWSKA MAGDALENA 2016 ENVIRON. MONIT. ASSESS.","10.1007/S10661-016-5399-8","http://link.springer.com/content/pdf/10.1007/s10661-016-5399-8.pdf"
"WINOWIECKI LEIGH 2016 NUTR. CYCL. AGROECOSYST.","10.1007/S10705-015-9750-1","http://link.springer.com/content/pdf/10.1007/s10705-015-9750-1.pdf"
"GARCIA-SANCHEZ MERCEDES 2016 ENVIRON. SCI. POLLUT. RES.","10.1007/S11356-016-6591-7","http://link.springer.com/content/pdf/10.1007/s11356-016-6591-7.pdf"
"PEREZ-BRANDAN C 2016 PLANT SOIL ENVIRON.","10.17221/19/2016-PSE","http://www.agriculturejournals.cz/publicFiles/190181.pdf"
"ROACH ERIKA 2016 CROP SCI.","10.2135/CROPSCI2015.08.0488","https://dl.sciencesocieties.org/publications/cs/pdfs/56/4/1841"
"HARVEY PJ 2016 ENVIRON. GEOCHEM. HEALTH","10.1007/S10653-015-9779-8","http://link.springer.com/content/pdf/10.1007/s10653-015-9779-8.pdf"
"PARK BYEONG-YONG 2016 PLANT PATHOL. J.","10.5423/PPJ.OA.12.2015.0272","http://ocean.kisti.re.kr/downfile/crosscheck/kspp/JAKO201627037746482.pdf"
"ROJAS RONALDVARGAS 2016 ENVIRON. EARTH SCI.","10.1007/S12665-016-5891-Z","http://link.springer.com/content/pdf/10.1007/s12665-016-5891-z.pdf"
"MUNOZ-ROJAS MIRIAM 2016 RESTOR. ECOL.","10.1111/REC.12368","https://api.wiley.com/onlinelibrary/tdm/v1/articles/10.1111%2Frec.12368"
"DONG LINLIN 2016 SCI REP","10.1038/SREP31802","http://www.nature.com/articles/srep31802.pdf"
"PANDIAN KANNAN 2016 ARCH. AGRON. SOIL SCI.","10.1080/03650340.2016.1139086","http://www.tandfonline.com/doi/pdf/10.1080/03650340.2016.1139086"
"HASSAN TU 2016 PLANT BIOL.","10.1111/PLB.12477","https://api.wiley.com/onlinelibrary/tdm/v1/articles/10.1111%2Fplb.12477"
"LEE SOOK-KUAN 2016 APPL. MICROBIOL. BIOTECHNOL.","10.1007/S00253-016-7582-9","http://link.springer.com/content/pdf/10.1007/s00253-016-7582-9.pdf"
"SVOMA BM 2016 J. SOIL WATER CONSERV.","10.2489/JSWC.71.5.377","https://syndication.highwire.org/content/doi/10.2489/jswc.71.5.377"
"TYLER HL 2016 J. SOIL WATER CONSERV.","10.2489/JSWC.71.5.396","https://syndication.highwire.org/content/doi/10.2489/jswc.71.5.396"
"STEFANOSKI DIANECRISTINA 2016 PESQUI. AGROPECU. BRAS.","10.1590/S0100-204X2016000900064","http://www.scielo.br/pdf/pab/v51n9/0100-204X-pab-51-09-1643.pdf"
"SIMONIN MARIE 2016 SCI REP","10.1038/SREP33643","http://www.nature.com/articles/srep33643.pdf"
"KARUNAKARAN V 2016 EXP. AGRIC.","10.1017/S0014479715000289","https://www.cambridge.org/core/services/aop-cambridge-core/content/view/S0014479715000289"
"RAJPER AHSANM 2016 AGROFOR. SYST.","10.1007/S10457-016-9895-1","http://link.springer.com/content/pdf/10.1007/s10457-016-9895-1.pdf"
"LABABPOUR A 2016 INT. J. ENVIRON. SCI. TECHNOL.","10.1007/S13762-016-1074-4","http://link.springer.com/content/pdf/10.1007/s13762-016-1074-4.pdf"
"PANWAR MEENU 2016 PHYSIOL. MOL. BIOL. PLANTS","10.1007/S12298-016-0376-9","http://link.springer.com/content/pdf/10.1007/s12298-016-0376-9.pdf"
"BLAZIER MICHAELA 2016 J. VIS. EXP.","10.3791/54614","http://www.jove.com/video/54614/assessment-labile-organic-carbon-soil-using-sequential-fumigation"
"WANG WENHUI 2016 SCI REP","10.1038/SREP35046","http://www.nature.com/articles/srep35046.pdf"
"VALVERDE JOSER 2016 PLOS ONE","10.1371/JOURNAL.PONE.0165204","http://dx.plos.org/10.1371/journal.pone.0165204"
"WOLDE B 2016 J. SOIL WATER CONSERV.","10.2489/JSWC.71.6.476","https://syndication.highwire.org/content/doi/10.2489/jswc.71.6.476"
"ANZA M 2016 ENVIRON. MONIT. ASSESS.","10.1007/S10661-016-5649-9","http://link.springer.com/content/pdf/10.1007/s10661-016-5649-9.pdf"
"BARUAH ANUSHREE 2016 WATER AIR SOIL POLLUT.","10.1007/S11270-016-3111-9","http://link.springer.com/content/pdf/10.1007/s11270-016-3111-9.pdf"
"LAL RATTAN 2016 FOOD ENERGY SECUR.","10.1002/FES3.96","https://api.wiley.com/onlinelibrary/tdm/v1/articles/10.1002%2Ffes3.96"
"LAL RATTAN 2016 FOOD ENERGY SECUR.","10.1002/FES3.99","https://api.wiley.com/onlinelibrary/tdm/v1/articles/10.1002%2Ffes3.99"
"YANNI SANDRAF 2016 SOIL SCI. SOC. AM. J.","10.2136/SSSAJ2016.07.0214","https://dl.sciencesocieties.org/publications/sssaj/pdfs/80/6/1653"
"WU LINKUN 2016 FRONT. MICROBIOL.","10.3389/FMICB.2016.01788","http://journal.frontiersin.org/article/10.3389/fmicb.2016.01788/full"
"WANG LEI 2016 FRONT. MICROBIOL.","10.3389/FMICB.2016.01893","http://journal.frontiersin.org/article/10.3389/fmicb.2016.01893/full"
"SATAPUTE PRAVEEN 2016 ANN. MICROBIOL.","10.1007/S13213-016-1222-6","http://link.springer.com/content/pdf/10.1007/s13213-016-1222-6.pdf"
"ADEJUMOBI MA 2016 ENVIRON. MONIT. ASSESS.","10.1007/S10661-016-5628-1","http://link.springer.com/content/pdf/10.1007/s10661-016-5628-1.pdf"
"WALDMAN KURTB 2016 FOOD SECUR.","10.1007/S12571-016-0616-4","http://link.springer.com/content/pdf/10.1007/s12571-016-0616-4.pdf"
"LEHMAN RMICHAEL 2016 BIOENERGY RES.","10.1007/S12155-016-9754-Y","http://link.springer.com/content/pdf/10.1007/s12155-016-9754-y.pdf"
"MCBRATNEY ALEXB 2017 NA","10.1007/978-3-319-43394-3\_9","http://link.springer.com/content/pdf/10.1007/978-3-319-43394-3_9"
"STOTT DIANEE 2017 NA","10.1007/978-3-319-43394-3\_10","http://link.springer.com/content/pdf/10.1007/978-3-319-43394-3_10"
"WILLS SKYE 2017 NA","10.1007/978-3-319-43394-3\_11","http://link.springer.com/content/pdf/10.1007/978-3-319-43394-3_11"
"SOMENAHALLY ANIL 2017 NA","10.1007/978-3-319-43394-3\_12","http://link.springer.com/content/pdf/10.1007/978-3-319-43394-3_12"
"LEWIS KATIEL 2017 NA","10.1007/978-3-319-43394-3\_13","http://link.springer.com/content/pdf/10.1007/978-3-319-43394-3_13"
"BENBROOK CHARLESM 2017 NA","10.1007/978-3-319-43394-3\_19","http://link.springer.com/content/pdf/10.1007/978-3-319-43394-3_19"
"BUCKNER BILL 2017 NA","10.1007/978-3-319-43394-3\_23","http://link.springer.com/content/pdf/10.1007/978-3-319-43394-3_23"
"BREVIK ERICC 2017 NA","10.1007/978-3-319-43394-3\_24","http://link.springer.com/content/pdf/10.1007/978-3-319-43394-3_24"
"GRUNWALD SABINE 2017 NA","10.1007/978-3-319-43394-3\_28","http://link.springer.com/content/pdf/10.1007/978-3-319-43394-3_28"
"LEYTE-VIDAL JOSEPHINE 2017 NA","10.1007/978-3-319-43394-3\_32","http://link.springer.com/content/pdf/10.1007/978-3-319-43394-3_32"
"JEFFREY MICHAEL 2017 NA","10.1007/978-3-319-43394-3\_35","http://link.springer.com/content/pdf/10.1007/978-3-319-43394-3_35"
"BRYANT LARA 2017 NA","10.1007/978-3-319-43394-3\_37","http://link.springer.com/content/pdf/10.1007/978-3-319-43394-3_37"
"KOCH ANDREA 2017 NA","10.1007/978-3-319-43394-3\_39","http://link.springer.com/content/pdf/10.1007/978-3-319-43394-3_39"
"HERMANS SYRIEM 2017 APPL. ENVIRON. MICROBIOL.","10.1128/AEM.02826-16","https://syndication.highwire.org/content/doi/10.1128/AEM.02826-16"
"SPARDA ANDREW 2017 COMMUN. SOIL SCI. PLANT ANAL.","10.1080/00103624.2016.1254235","https://www.tandfonline.com/doi/pdf/10.1080/00103624.2016.1254235"
"KEENE CL 2017 AGRON. J.","10.2134/AGRONJ2016.05.0266","https://dl.sciencesocieties.org/publications/aj/pdfs/109/1/272"
"KUMAR DILEEP 2017 COMMUN. SOIL SCI. PLANT ANAL.","10.1080/00103624.2016.1261884","https://www.tandfonline.com/doi/pdf/10.1080/00103624.2016.1261884"
"CECAGNO DIEGO 2017 CIENC. RURAL","10.1590/0103-8478CR20150635","http://www.scielo.br/pdf/cr/v47n5/1678-4596-cr-47-05-e20150635.pdf"
"PREMASUDHA BG 2017 NA","10.1007/978-981-10-1678-3\_72","http://link.springer.com/content/pdf/10.1007/978-981-10-1678-3_72"
"SHEORAN PARVENDER 2017 COMMUN. SOIL SCI. PLANT ANAL.","10.1080/00103624.2017.1298788","https://www.tandfonline.com/doi/pdf/10.1080/00103624.2017.1298788"
"SUBEDI RAGHUNATH 2017 ITAL. J. AGRON.","10.4081/IJA.2017.794","http://agronomy.it/index.php/agro/article/viewFile/794/872"
"LUPATINI MANOELI 2017 FRONT. MICROBIOL.","10.3389/FMICB.2016.02064","http://journal.frontiersin.org/article/10.3389/fmicb.2016.02064/full"
"MARTINEZ-TOLEDO ANGELES 2017 J. SOILS SEDIMENTS","10.1007/S11368-016-1529-8","http://link.springer.com/content/pdf/10.1007/s11368-016-1529-8.pdf"
"KAYE JASONP 2017 AGRON. SUSTAIN. DEV.","10.1007/S13593-016-0410-X","http://link.springer.com/content/pdf/10.1007/s13593-016-0410-x.pdf"
"NARDI SERENELLA 2017 J. PLANT NUTR. SOIL SCI.","10.1002/JPLN.201600348","https://api.wiley.com/onlinelibrary/tdm/v1/articles/10.1002%2Fjpln.201600348"
"THUNDERS MICHELLE 2017 BIOL. RES.","10.1186/S40659-017-0114-Y","http://link.springer.com/content/pdf/10.1186/s40659-017-0114-y.pdf"
"RHODES CHRISTOPHERJ 2017 SCI. PROG.","10.3184/003685017X14876775256165","http://www.ingentaconnect.com/content/stl/sciprg/2017/00000100/00000001/art00006"
"HUSSAIN MUBSHAR 2017 J. SOILS SEDIMENTS","10.1007/S11368-016-1360-2","http://link.springer.com/content/pdf/10.1007/s11368-016-1360-2.pdf"
"KARLEN DOUGLASL 2017 J. SOIL WATER CONSERV.","10.2489/JSWC.72.2.26A","https://syndication.highwire.org/content/doi/10.2489/jswc.72.2.26A"
"DOTANIYA ML 2017 AGRIC. RES.","10.1007/S40003-016-0242-6","http://link.springer.com/content/pdf/10.1007/s40003-016-0242-6.pdf"
"ALAM MDKHAIRUL 2017 J. AGRIC. SCI.","10.1017/S0021859616000265","https://www.cambridge.org/core/services/aop-cambridge-core/content/view/S0021859616000265"
"OBRYCKI JOHNF 2017 J. ENVIRON. QUAL.","10.2134/JEQ2016.07.0275","https://dl.sciencesocieties.org/publications/jeq/pdfs/46/2/420"
"TANVEER MOHSIN 2017 ENVIRON. SCI. POLLUT. RES.","10.1007/S11356-017-8371-4","http://link.springer.com/content/pdf/10.1007/s11356-017-8371-4.pdf"
"SEKER CEVDET 2017 ENVIRON. MONIT. ASSESS.","10.1007/S10661-017-5848-Z","http://link.springer.com/content/pdf/10.1007/s10661-017-5848-z.pdf"
"SHAH ADNANNOOR 2017 ENVIRON. SCI. POLLUT. RES.","10.1007/S11356-017-8421-Y","http://link.springer.com/content/pdf/10.1007/s11356-017-8421-y.pdf"
"DASH NALINAXYAPRASAD 2017 J. APPL. PHYCOL.","10.1007/S10811-016-0998-X","http://link.springer.com/content/pdf/10.1007/s10811-016-0998-x.pdf"
"DELCARMENCUEVAS-DIAZ MARIA 2017 WATER AIR SOIL POLLUT.","10.1007/S11270-017-3336-2","http://link.springer.com/content/pdf/10.1007/s11270-017-3336-2.pdf"
"OZORES-HAMPTON MONICA 2017 HORTTECHNOLOGY","10.21273/HORTTECH03355-16","https://syndication.highwire.org/content/doi/10.21273/HORTTECH03355-16"
"NAWAZ AHMAD 2017 LAND DEGRAD. DEV.","10.1002/LDR.2578","https://api.wiley.com/onlinelibrary/tdm/v1/articles/10.1002%2Fldr.2578"
"ROMANO EMILYL 2017 SOIL SCI.","10.1097/SS.0000000000000205","http://Insights.ovid.com/crossref?an=00010694-201704000-00003"
"RAHMAN MDM 2017 FRONT. PLANT SCI.","10.3389/FPLS.2017.00155","http://journal.frontiersin.org/article/10.3389/fpls.2017.00155/full"
"LI SHILI 2017 FRONT. MICROBIOL.","10.3389/FMICB.2017.00703","http://journal.frontiersin.org/article/10.3389/fmicb.2017.00703/full"
"DIXON GR 2017 J. AGRIC. SCI.","10.1017/S0021859616000800","https://www.cambridge.org/core/services/aop-cambridge-core/content/view/S0021859616000800"
"NABTI E 2017 INT. J. ENVIRON. SCI. TECHNOL.","10.1007/S13762-016-1202-1","http://link.springer.com/content/pdf/10.1007/s13762-016-1202-1.pdf"
"CAFFE-TREML M 2017 J. PLANT REGIST.","10.3198/JPR2016.10.0056CRC","https://dl.sciencesocieties.org/publications/jpr/pdfs/11/2/95"
"RORICK JD 2017 J. SOIL WATER CONSERV.","10.2489/JSWC.72.3.260","https://syndication.highwire.org/content/doi/10.2489/jswc.72.3.260"
"CASSEL FLORENCE 2017 WATER AIR SOIL POLLUT.","10.1007/S11270-017-3369-6","http://link.springer.com/content/pdf/10.1007/s11270-017-3369-6.pdf"
"KHATI PRIYANKA 2017 CLEAN-SOIL AIR WATER","10.1002/CLEN.201600458","https://api.wiley.com/onlinelibrary/tdm/v1/articles/10.1002%2Fclen.201600458"
"ASHWORTH AMANDAJ 2017 AGRON. J.","10.2134/AGRONJ2016.04.0224","https://dl.sciencesocieties.org/publications/aj/pdfs/109/3/938"
"KHALSA SATDARSHANS 2017 J. ENVIRON. QUAL.","10.2134/JEQ2016.11.0456","https://dl.sciencesocieties.org/publications/jeq/pdfs/46/3/649"
"KHATI PRIYANKA 2017 3 BIOTECH","10.1007/S13205-017-0668-Y","http://link.springer.com/content/pdf/10.1007/s13205-017-0668-y.pdf"
"ELDRIDGE DAVIDJ 2017 J. APPL. ECOL.","10.1111/1365-2664.12834","https://api.wiley.com/onlinelibrary/tdm/v1/articles/10.1111%2F1365-2664.12834"
"SIHI DEBJANI 2017 J. PLANT NUTR. SOIL SCI.","10.1002/JPLN.201700128","https://api.wiley.com/onlinelibrary/tdm/v1/articles/10.1002%2Fjpln.201700128"
"AHAMD MAQSHOOF 2017 ENVIRON. MONIT. ASSESS.","10.1007/S10661-017-5994-3","http://link.springer.com/content/pdf/10.1007/s10661-017-5994-3.pdf"
"NAIK SUSHANTAKUMAR 2017 AGROFOR. SYST.","10.1007/S10457-016-9957-4","http://link.springer.com/content/pdf/10.1007/s10457-016-9957-4.pdf"
"MITZEL MICHAELR 2017 ENVIRON.-SCI. NANO","10.1039/C7EN00233E","http://pubs.rsc.org/en/content/articlepdf/2017/EN/C7EN00233E"
"WOOD M 2017 SOIL USE MANAGE.","10.1111/SUM.12344","https://api.wiley.com/onlinelibrary/tdm/v1/articles/10.1111%2Fsum.12344"
"SAPKOTA TEKB 2017 SUSTAINABILITY","10.3390/SU9061044","http://www.mdpi.com/2071-1050/9/6/1044/pdf"
"SHRESTHA HIML 2017 ENVIRONMENTS","10.3390/ENVIRONMENTS4020029","http://www.mdpi.com/2076-3298/4/2/29/pdf"
"DANGI SADIKSHYAR 2017 AGRONOMY-BASEL","10.3390/AGRONOMY7020037","http://www.mdpi.com/2073-4395/7/2/37/pdf"
"ALI AMJAD 2017 SCI REP","10.1038/S41598-017-03045-9","http://www.nature.com/articles/s41598-017-03045-9.pdf"
"ACOSTA-MARTINEZ V 2017 BIOL. FERTIL. SOILS","10.1007/S00374-017-1192-2","http://link.springer.com/content/pdf/10.1007/s00374-017-1192-2.pdf"
"WU JINPING 2017 WORLD J. MICROBIOL. BIOTECHNOL.","10.1007/S11274-017-2287-5","http://link.springer.com/content/pdf/10.1007/s11274-017-2287-5.pdf"
"FINNEY DM 2017 J. SOIL WATER CONSERV.","10.2489/JSWC.72.4.361","https://syndication.highwire.org/content/doi/10.2489/jswc.72.4.361"
"LEEZHAOLEI  2017 SCI REP","10.1038/S41598-017-04997-8","http://www.nature.com/articles/s41598-017-04997-8.pdf"
"JOHN CJIMTHA 2017 3 BIOTECH","10.1007/S13205-017-0887-2","http://link.springer.com/content/pdf/10.1007/s13205-017-0887-2.pdf"
"MEYER-WOLFARTH FRIEDERIKE 2017 MYCOTOXIN RES.","10.1007/S12550-017-0282-1","http://link.springer.com/content/pdf/10.1007/s12550-017-0282-1.pdf"
